enzyme,position_id,context,insert_type,mean_percent,se_percent,n,p_value,p_adjusted_bh,significance
TadA–λN,A2,UAG,wt,18.67,1.25,15,1.9011953764078337e-6,3.041912602252534e-5,***
TadA–λN,A4,GAA,wt,6.12,0.7,15,3.8820202666409317e-4,0.0010352054044375817,**
TadA–λN,A5,AAU,wt,4.26,0.46,15,4.378745446428116e-5,1.925078427692764e-4,***
TadA–λN,A8,UAC,wt,11.73,1.17,15,1.3711820435157055e-5,1.0969456348125644e-4,***
TadA–λN,A10,CAC,wt,2.98,0.48,15,0.0015645918276438466,0.0035762098917573636,**
TadA–λN,A13,CAU,wt,1.04,0.19,15,0.008044244582917668,0.016088489165835336,*
TadA–λN,A15,UAA,wt,6.25,0.77,15,4.81269606923191e-5,1.925078427692764e-4,***
TadA–λN,A16,AAU,wt,3.04,0.38,15,3.532708779359022e-4,0.0010352054044375817,**
TadA–λN,A2,UAG,mut,7.24,0.95,15,1.9011953764078337e-6,3.041912602252534e-5,***
TadA–λN,A4,GAA,mut,2.34,0.46,15,3.8820202666409317e-4,0.0010352054044375817,**
TadA–λN,A5,AAU,mut,1.45,0.2,15,4.378745446428116e-5,1.925078427692764e-4,***
TadA–λN,A8,UAC,mut,4.05,0.59,15,1.3711820435157055e-5,1.0969456348125644e-4,***
TadA–λN,A10,CAC,mut,1.12,0.26,15,0.0015645918276438466,0.0035762098917573636,**
TadA–λN,A13,CAU,mut,0.42,0.1,15,0.008044244582917668,0.016088489165835336,*
TadA–λN,A15,UAA,mut,2.43,0.39,15,4.81269606923191e-5,1.925078427692764e-4,***
TadA–λN,A16,AAU,mut,1,0.25,15,3.532708779359022e-4,0.0010352054044375817,**
TadA8.20,A2,UAG,wt,29.13,1.69,15,0.7943833767494539,0.8674274102088478,ns
TadA8.20,A4,GAA,wt,13.71,1.34,15,0.8515539993799978,0.8674274102088478,ns
TadA8.20,A5,AAU,wt,11.27,1.2,15,0.6787637931619006,0.8674274102088478,ns
TadA8.20,A8,UAC,wt,22.34,1.9,15,0.7129349943805525,0.8674274102088478,ns
TadA8.20,A10,CAC,wt,11.26,1.25,15,0.8674274102088478,0.8674274102088478,ns
TadA8.20,A13,CAU,wt,4.89,0.69,15,0.6751207605585322,0.8674274102088478,ns
TadA8.20,A15,UAA,wt,14.44,1.33,15,0.7469713482018461,0.8674274102088478,ns
TadA8.20,A16,AAU,wt,8.69,1.32,15,0.7715245851220098,0.8674274102088478,ns
TadA8.20,A2,UAG,mut,28.39,1.82,15,0.7943833767494539,0.8674274102088478,ns
TadA8.20,A4,GAA,mut,13.31,1.32,15,0.8515539993799978,0.8674274102088478,ns
TadA8.20,A5,AAU,mut,10.45,1.12,15,0.6787637931619006,0.8674274102088478,ns
TadA8.20,A8,UAC,mut,21.26,1.99,15,0.7129349943805525,0.8674274102088478,ns
TadA8.20,A10,CAC,mut,10.94,1.36,15,0.8674274102088478,0.8674274102088478,ns
TadA8.20,A13,CAU,mut,4.44,0.62,15,0.6751207605585322,0.8674274102088478,ns
TadA8.20,A15,UAA,mut,15.25,1.59,15,0.7469713482018461,0.8674274102088478,ns
TadA8.20,A16,AAU,mut,9.23,1.1,15,0.7715245851220098,0.8674274102088478,ns
