tada_type,tada_conc,edit_type,n,insert_type,mean,se
lambdaN,125nM,frac_1edit,15,mut,3.9612795420251437,0.4638958690505267
lambdaN,125nM,frac_1edit,15,wt,11.943854085224164,1.133397601508101
lambdaN,125nM,frac_2edit,15,mut,0.9932051368923553,0.28453676370322906
lambdaN,125nM,frac_2edit,15,wt,4.748711464354454,0.5217586404068093
lambdaN,250nM,frac_1edit,15,mut,9.210003694103932,0.8718513026251474
lambdaN,250nM,frac_1edit,15,wt,16.797551000597,1.18541804848993
lambdaN,250nM,frac_2edit,15,mut,4.065789802415731,0.8273901185735393
lambdaN,250nM,frac_2edit,15,wt,13.554057790509995,1.3413197183847265
lambdaN,500nM,frac_1edit,15,mut,17.339139793813317,1.330955992971196
lambdaN,500nM,frac_1edit,15,wt,13.77816438309663,1.15144962552909
lambdaN,500nM,frac_2edit,15,mut,55.10973049782666,2.2045583808198046
lambdaN,500nM,frac_2edit,15,wt,61.66608640572912,2.223458666567784
tada_only,125nM,frac_1edit,15,mut,12.588993783247899,1.0156762819864196
tada_only,125nM,frac_1edit,15,wt,13.250754789445294,0.6747995877767322
tada_only,125nM,frac_2edit,15,mut,8.012882930727985,0.9057585106244113
tada_only,125nM,frac_2edit,15,wt,9.222180815475921,0.7214533315500574
tada_only,250nM,frac_1edit,15,mut,16.23213583567106,0.7353598089181638
tada_only,250nM,frac_1edit,15,wt,16.482542550373598,0.7030967417542745
tada_only,250nM,frac_2edit,15,mut,23.510975737001413,2.0659551687922417
tada_only,250nM,frac_2edit,15,wt,24.303438151907244,1.771240690071917
tada_only,500nM,frac_1edit,15,mut,10.05661706034602,0.7246811501965572
tada_only,500nM,frac_1edit,15,wt,9.581458258805691,0.579267147666636
tada_only,500nM,frac_2edit,15,mut,63.08896928824876,2.288703842130789
tada_only,500nM,frac_2edit,15,wt,62.12792477436355,2.3484433564406126
