variable_subpos,insert,gnra,fraction_edited
10_13,TCTT,FALSE,0.056
10_13,TAAT,FALSE,0.024
10_13,TATT,FALSE,0.061
10_13,TCCT,FALSE,0.06
10_13,TGAT,FALSE,0.028
10_13,TGCT,FALSE,0.052
10_13,TTCT,TRUE,0.076
10_13,TTAT,TRUE,0.028
10_13,TGGT,FALSE,0.025
10_13,TTTT,TRUE,0.066
10_13,TACT,FALSE,0.061
10_13,TGTT,FALSE,0.063
10_13,TCGT,FALSE,0.021
10_13,TAGT,FALSE,0.038
10_13,TTGT,TRUE,0.019
10_13,TCAT,FALSE,0.028
10_13,TATT,FALSE,0.067
10_13,TTTT,TRUE,0.066
10_13,TGTT,FALSE,0.056
10_13,TGGT,FALSE,0.027
10_13,TCTT,FALSE,0.053
10_13,TTGT,TRUE,0.033
10_13,TCCT,FALSE,0.057
10_13,TAGT,FALSE,0.032
10_13,TTCT,TRUE,0.051
10_13,TTAT,TRUE,0.024
10_13,TACT,FALSE,0.058
10_13,TGAT,FALSE,0.026
10_13,TGCT,FALSE,0.056
10_13,TCGT,FALSE,0.024
10_13,TAAT,FALSE,0.019
10_13,TCAT,FALSE,0.027
10_13,TGAT,FALSE,0.033
10_13,TATT,FALSE,0.059
10_13,TCTT,FALSE,0.075
10_13,TGCT,FALSE,0.07
10_13,TTAT,TRUE,0.027
10_13,TTTT,TRUE,0.085
10_13,TCGT,FALSE,0.029
10_13,TTGT,TRUE,0.029
10_13,TAGT,FALSE,0.021
10_13,TACT,FALSE,0.065
10_13,TGGT,FALSE,0.035
10_13,TCAT,FALSE,0.049
10_13,TGTT,FALSE,0.056
10_13,TCCT,FALSE,0.089
10_13,TTCT,TRUE,0.071
10_13,TAAT,FALSE,0.021
10_13,TCAT,FALSE,0.018
10_13,TATT,FALSE,0.04
10_13,TCGT,FALSE,0.025
10_13,TTCT,TRUE,0.045
10_13,TCCT,FALSE,0.04
10_13,TTTT,TRUE,0.058
10_13,TGGT,FALSE,0.026
10_13,TTGT,TRUE,0.0079
10_13,TAAT,FALSE,0.016
10_13,TACT,FALSE,0.054
10_13,TGTT,FALSE,0.046
10_13,TTAT,TRUE,0.019
10_13,TGAT,FALSE,0.015
10_13,TCTT,FALSE,0.037
10_13,TAGT,FALSE,0.016
10_13,TGCT,FALSE,0.041
7_10,TGTA,FALSE,0.012
7_10,TAAA,FALSE,0.014
7_10,CCGA,FALSE,0.009
7_10,ACCA,FALSE,0.014
7_10,GGAA,FALSE,0.016
7_10,TTTA,FALSE,0.027
7_10,TTCA,TRUE,0.11
7_10,GGCA,FALSE,0.011
7_10,GCGA,FALSE,0.015
7_10,GTTA,FALSE,0.018
7_10,TTAA,FALSE,0.016
7_10,CGAA,FALSE,0.016
7_10,CTTA,FALSE,0.017
7_10,TACA,TRUE,0.04
7_10,TATA,FALSE,0.016
7_10,GCAA,FALSE,0.021
7_10,AGAA,FALSE,0.015
7_10,GCTA,FALSE,0.024
7_10,TAGA,FALSE,0.013
7_10,CGTA,FALSE,0.026
7_10,ATAA,FALSE,0.017
7_10,TCTA,FALSE,0.02
7_10,CTCA,TRUE,0.092
7_10,TTGA,FALSE,0.019
7_10,AACA,FALSE,0.023
7_10,CGCA,TRUE,0.036
7_10,AATA,FALSE,0.024
7_10,CTGA,FALSE,0.026
7_10,ATTA,FALSE,0.0097
7_10,TCGA,FALSE,0.018
7_10,GGTA,FALSE,0.0071
7_10,GAGA,FALSE,0.016
7_10,CAGA,FALSE,0.0049
7_10,GTCA,FALSE,0.0087
7_10,AGTA,FALSE,0.0089
7_10,TGGA,FALSE,0.011
7_10,AAGA,FALSE,0.0043
7_10,TCAA,FALSE,0.016
7_10,ATGA,FALSE,0.015
7_10,CCTA,FALSE,0.023
7_10,GCCA,FALSE,0.012
7_10,GATA,FALSE,0.013
7_10,TCCA,TRUE,0.11
7_10,CCAA,FALSE,0.018
7_10,TGAA,FALSE,0.0036
7_10,AGGA,FALSE,0.023
7_10,ATCA,FALSE,0.021
7_10,GTAA,FALSE,0.02
7_10,GTGA,FALSE,0.0079
7_10,GAAA,FALSE,0.0085
7_10,GGGA,FALSE,0.016
7_10,ACTA,FALSE,0.0033
7_10,CATA,FALSE,0.032
7_10,CAAA,FALSE,0.0049
7_10,CGGA,FALSE,0.017
7_10,ACAA,FALSE,0.0089
7_10,CACA,TRUE,0.051
7_10,TGCA,TRUE,0.053
7_10,CTAA,FALSE,0.0083
7_10,ACGA,FALSE,0.0044
7_10,GACA,FALSE,0.012
7_10,TATA,FALSE,0.04
7_10,TAAA,FALSE,0.012
7_10,GTCA,FALSE,0.014
7_10,CTGA,FALSE,0.025
7_10,TGCA,TRUE,0.063
7_10,CAGA,FALSE,0.023
7_10,CATA,FALSE,0.02
7_10,GTTA,FALSE,0.0095
7_10,TAGA,FALSE,0.029
7_10,GCAA,FALSE,0.029
7_10,GGAA,FALSE,0.024
7_10,GGTA,FALSE,0.033
7_10,TTCA,TRUE,0.061
7_10,ATGA,FALSE,0.037
7_10,TTGA,FALSE,0.024
7_10,CACA,TRUE,0.033
7_10,TGAA,FALSE,0.029
7_10,TTAA,FALSE,0.043
7_10,CGGA,FALSE,0.02
7_10,GGGA,FALSE,0.0093
7_10,ATCA,FALSE,0.016
7_10,CCGA,FALSE,0.016
7_10,GATA,FALSE,0.035
7_10,TCGA,FALSE,0.03
7_10,TCTA,FALSE,0.019
7_10,AGGA,FALSE,0.029
7_10,CCAA,FALSE,0.032
7_10,CGCA,TRUE,0.051
7_10,CGTA,FALSE,0.02
7_10,TTTA,FALSE,0.02
7_10,CTTA,FALSE,0.02
7_10,GTGA,FALSE,0.032
7_10,CGAA,FALSE,0.041
7_10,GTAA,FALSE,0.025
7_10,TACA,TRUE,0.085
7_10,CTAA,FALSE,0.0093
7_10,TGTA,FALSE,0.025
7_10,CAAA,FALSE,0.023
7_10,GCTA,FALSE,0.027
7_10,CCCA,TRUE,0.053
7_10,ATTA,FALSE,0.019
7_10,AGTA,FALSE,0.048
7_10,CCTA,FALSE,0.03
7_10,AATA,FALSE,0.033
7_10,CTCA,TRUE,0.078
7_10,TCAA,FALSE,0.042
7_10,TCCA,TRUE,0.12
7_10,TGGA,FALSE,0.018
7_10,TTCA,TRUE,0.069
7_10,GGTA,FALSE,0.02
7_10,GGGA,FALSE,0.029
7_10,TTTA,FALSE,0.042
7_10,GTTA,FALSE,0.017
7_10,CTTA,FALSE,0.046
7_10,TCTA,FALSE,0.0097
7_10,TTGA,FALSE,0.047
7_10,ATTA,FALSE,0.045
7_10,CGTA,FALSE,0.015
7_10,TGTA,FALSE,0.034
7_10,TCAA,FALSE,0.068
7_10,GCTA,FALSE,0.034
7_10,GTTA,FALSE,0.034
7_10,TTTA,FALSE,0.029
7_10,GGTA,FALSE,0.014
7_10,TTTA,FALSE,0.019
7_10,CTTA,FALSE,0.046
7_10,CGTA,FALSE,0.031
7_10,CGGA,FALSE,0.038
7_10,TTCA,TRUE,0.12
7_10,GTTA,FALSE,0.033
7_10,GGTA,FALSE,0.0047
7_10,GTTA,FALSE,0.019
7_10,TTTA,FALSE,0.0043
7_10,CGGA,FALSE,0.018
7_10,TAGA,FALSE,0.011
7_10,TTTA,FALSE,0.019
7_10,GAAA,FALSE,0.0041
7_10,ACAA,FALSE,0
7_10,GTAA,FALSE,0.0065
7_10,TGAA,FALSE,0.0071
7_10,TGGA,FALSE,0.018
7_10,CAAA,FALSE,0.012
7_10,GGAA,FALSE,0.0094
7_10,TGCA,TRUE,0.078
7_10,CATA,FALSE,0.014
7_10,AGCA,FALSE,0.0089
7_10,CTCA,TRUE,0.059
7_10,GTCA,FALSE,0.017
7_10,TTCA,TRUE,0.057
7_10,AGAA,FALSE,0.019
7_10,TTGA,FALSE,0.012
7_10,GGTA,FALSE,0.013
7_10,GCCA,FALSE,0.021
7_10,GCGA,FALSE,0.013
7_10,GGGA,FALSE,0.0098
7_10,CACA,TRUE,0.038
7_10,CAGA,FALSE,0.0055
7_10,AGTA,FALSE,0.019
7_10,CCCA,TRUE,0.041
7_10,TTAA,FALSE,0.026
7_10,GCAA,FALSE,0.031
7_10,TCCA,TRUE,0.13
7_10,CTGA,FALSE,0.017
7_10,CGTA,FALSE,0.019
7_10,ATTA,FALSE,0.021
7_10,CTTA,FALSE,0.0095
7_10,AAAA,FALSE,0.029
7_10,TCGA,FALSE,0.007
7_10,CGAA,FALSE,0.0074
7_10,AAGA,FALSE,0.014
7_10,CTAA,FALSE,0.017
7_10,ACGA,FALSE,0.024
7_10,TACA,TRUE,0.044
7_10,TGTA,FALSE,0.017
7_10,CGCA,TRUE,0.024
7_10,TCAA,FALSE,0.0066
7_10,GACA,FALSE,0.0044
7_10,GAGA,FALSE,0.023
7_10,GTGA,FALSE,0.006
7_10,ATGA,FALSE,0.0036
7_10,GGCA,FALSE,0.013
7_10,GTTA,FALSE,0.019
7_10,AGGA,FALSE,0.0084
7_10,GCTA,FALSE,0.013
7_10,TATA,FALSE,0.013
7_10,AATA,FALSE,0.022
7_10,CCGA,FALSE,0.025
7_10,ATCA,FALSE,0.017
7_10,ATAA,FALSE,0.0061
7_10,ACTA,FALSE,0.011
7_10,AACA,FALSE,0.033
7_10,CCAA,FALSE,0.017
7_10,CCTA,FALSE,0.013
7_10,TAAA,FALSE,0.013
7_10,TCTA,FALSE,0.024
7_10,GATA,FALSE,0.03
