condition,variable_subpos,insert,energy_bins,free_energy,mean_fraction_edited
37_1hr,1_3,AAA,4,-5,0.029
37_1hr,1_3,AAC,4,-5,0.029
37_1hr,1_3,AAG,4,-5,0.013
37_1hr,1_3,AAT,4,-5,0.025
37_1hr,1_3,ACA,4,-5,0.037
37_1hr,1_3,ACC,2,-8.2,0.049
37_1hr,1_3,ACG,4,-5.2,0.027
37_1hr,1_3,ACT,4,-5.1,0.023
37_1hr,1_3,AGA,4,-5,0.023
37_1hr,1_3,AGC,4,-5,0.035
37_1hr,1_3,AGG,4,-5,0.019
37_1hr,1_3,AGT,4,-5,0.033
37_1hr,1_3,ATA,4,-5,0.026
37_1hr,1_3,ATC,4,-5,0.026
37_1hr,1_3,ATG,4,-5,0.023
37_1hr,1_3,ATT,4,-5,0.025
37_1hr,1_3,CAA,2,-8.7,0.073
37_1hr,1_3,CAC,2,-8.7,0.1
37_1hr,1_3,CAG,2,-8.7,0.06
37_1hr,1_3,CAT,2,-8.7,0.057
37_1hr,1_3,CCA,1,-12,0.095
37_1hr,1_3,CCC,1,-14,0.11
37_1hr,1_3,CCG,1,-12,0.09
37_1hr,1_3,CCT,1,-12,0.062
37_1hr,1_3,CGA,1,-9,0.066
37_1hr,1_3,CGC,1,-9,0.086
37_1hr,1_3,CGG,1,-9,0.061
37_1hr,1_3,CGT,1,-9,0.053
37_1hr,1_3,CTA,1,-8.9,0.051
37_1hr,1_3,CTC,1,-8.9,0.078
37_1hr,1_3,CTG,1,-8.9,0.058
37_1hr,1_3,CTT,1,-8.9,0.042
37_1hr,1_3,GAA,4,-5.2,0.025
37_1hr,1_3,GAC,4,-5.2,0.029
37_1hr,1_3,GAG,4,-5.2,0.02
37_1hr,1_3,GAT,4,-5.2,0.035
37_1hr,1_3,GCA,2,-6.3,0.028
37_1hr,1_3,GCC,1,-9.6,0.027
37_1hr,1_3,GCG,2,-6.6,0.021
37_1hr,1_3,GCT,2,-6.5,0.017
37_1hr,1_3,GGA,4,-5.2,0.034
37_1hr,1_3,GGC,3,-5.4,0.036
37_1hr,1_3,GGG,4,-5.2,0.03
37_1hr,1_3,GGT,4,-5.2,0.036
37_1hr,1_3,GTA,4,-5.2,0.023
37_1hr,1_3,GTC,4,-5.2,0.026
37_1hr,1_3,GTG,4,-5.2,0.022
37_1hr,1_3,GTT,4,-5.2,0.019
37_1hr,1_3,TAA,3,-5.6,0.025
37_1hr,1_3,TAC,3,-5.6,0.027
37_1hr,1_3,TAG,3,-5.6,0.017
37_1hr,1_3,TAT,3,-5.6,0.022
37_1hr,1_3,TCA,3,-5.6,0.051
37_1hr,1_3,TCC,2,-8.2,0.069
37_1hr,1_3,TCG,3,-5.6,0.033
37_1hr,1_3,TCT,3,-5.6,0.026
37_1hr,1_3,TGA,3,-5.6,0.022
37_1hr,1_3,TGC,3,-5.6,0.024
37_1hr,1_3,TGG,3,-5.6,0.016
37_1hr,1_3,TGT,3,-5.6,0.023
37_1hr,1_3,TTA,3,-5.6,0.023
37_1hr,1_3,TTC,3,-5.6,0.022
37_1hr,1_3,TTG,3,-5.6,0.02
37_1hr,1_3,TTT,3,-5.6,0.02
37_1hr,14_16,AAA,5,-0.3,0.012
37_1hr,14_16,AAC,5,-3.5,0.0098
37_1hr,14_16,AAG,5,-0.3,0.0089
37_1hr,14_16,AAT,5,-0.3,0.012
37_1hr,14_16,ACA,5,-2.4,0.017
37_1hr,14_16,ACC,2,-7.3,0.029
37_1hr,14_16,ACG,5,-2.7,0.0077
37_1hr,14_16,ACT,5,-2.6,0.014
37_1hr,14_16,AGA,5,-0.3,0.011
37_1hr,14_16,AGC,5,-3.5,0.0095
37_1hr,14_16,AGG,5,-0.6,0.01
37_1hr,14_16,AGT,5,-0.3,0.008
37_1hr,14_16,ATA,5,-0.3,0.0085
37_1hr,14_16,ATC,5,-3.5,0.0091
37_1hr,14_16,ATG,5,-1.1,0.0081
37_1hr,14_16,ATT,5,-0.3,0.012
37_1hr,14_16,CAA,4,-4.2,0.016
37_1hr,14_16,CAC,2,-7.3,0.035
37_1hr,14_16,CAG,4,-4.2,0.0075
37_1hr,14_16,CAT,4,-4.2,0.012
37_1hr,14_16,CCA,2,-7.9,0.024
37_1hr,14_16,CCC,1,-14,0.043
37_1hr,14_16,CCG,2,-8,0.021
37_1hr,14_16,CCT,2,-7.9,0.021
37_1hr,14_16,CGA,4,-4.5,0.012
37_1hr,14_16,CGC,2,-7.4,0.015
37_1hr,14_16,CGG,4,-4.5,0.0071
37_1hr,14_16,CGT,4,-4.5,0.0063
37_1hr,14_16,CTA,4,-4.4,0.0093
37_1hr,14_16,CTC,2,-7.6,0.02
37_1hr,14_16,CTG,4,-4.4,0.0065
37_1hr,14_16,CTT,4,-4.4,0.0072
37_1hr,14_16,GAA,5,-1.2,0.011
37_1hr,14_16,GAC,5,-3.5,0.0093
37_1hr,14_16,GAG,5,-1.2,0.0098
37_1hr,14_16,GAT,5,-1.2,0.011
37_1hr,14_16,GCA,4,-5.1,0.011
37_1hr,14_16,GCC,1,-9.6,0.023
37_1hr,14_16,GCG,3,-5.4,0.008
37_1hr,14_16,GCT,3,-5.3,0.012
37_1hr,14_16,GGA,5,-1.4,0.0092
37_1hr,14_16,GGC,3,-5.4,0.011
37_1hr,14_16,GGG,5,-2,0.0099
37_1hr,14_16,GGT,5,-1.9,0.0077
37_1hr,14_16,GTA,5,-1.8,0.0075
37_1hr,14_16,GTC,5,-3.6,0.0092
37_1hr,14_16,GTG,5,-1.8,0.0093
37_1hr,14_16,GTT,5,-1.8,0.0096
37_1hr,14_16,TAA,5,-0.9,0.011
37_1hr,14_16,TAC,5,-3.5,0.01
37_1hr,14_16,TAG,5,-0.9,0.0069
37_1hr,14_16,TAT,5,-0.9,0.0094
37_1hr,14_16,TCA,5,-0.9,0.013
37_1hr,14_16,TCC,2,-7.3,0.049
37_1hr,14_16,TCG,5,-0.9,0.0058
37_1hr,14_16,TCT,5,-2.5,0.0097
37_1hr,14_16,TGA,5,-2.1,0.0087
37_1hr,14_16,TGC,5,-3.5,0.01
37_1hr,14_16,TGG,5,-1.1,0.01
37_1hr,14_16,TGT,5,-0.9,0.0088
37_1hr,14_16,TTA,5,-0.9,0.0086
37_1hr,14_16,TTC,5,-3.6,0.0071
37_1hr,14_16,TTG,5,-1.1,0.0062
37_1hr,14_16,TTT,5,-0.9,0.0094
37_1hr,17_19,AAA,2,-7.7,0.075
37_1hr,17_19,AAC,2,-7.1,0.026
37_1hr,17_19,AAG,1,-10,0.1
37_1hr,17_19,AAT,3,-5.8,0.027
37_1hr,17_19,ACA,2,-7.3,0.061
37_1hr,17_19,ACC,2,-6.2,0.017
37_1hr,17_19,ACG,1,-9.5,0.083
37_1hr,17_19,ACT,3,-5.8,0.012
37_1hr,17_19,AGA,1,-10,0.091
37_1hr,17_19,AGC,1,-9.6,0.015
37_1hr,17_19,AGG,1,-13,0.09
37_1hr,17_19,AGT,2,-6.1,0.017
37_1hr,17_19,ATA,2,-7.6,0.058
37_1hr,17_19,ATC,3,-5.9,0.013
37_1hr,17_19,ATG,1,-9.3,0.09
37_1hr,17_19,ATT,3,-5.8,0.011
37_1hr,17_19,CAA,2,-7.8,0.081
37_1hr,17_19,CAC,2,-7,0.032
37_1hr,17_19,CAG,1,-10,0.11
37_1hr,17_19,CAT,3,-5.8,0.027
37_1hr,17_19,CCA,2,-7.3,0.067
37_1hr,17_19,CCC,3,-5.9,0.021
37_1hr,17_19,CCG,1,-9.5,0.081
37_1hr,17_19,CCT,3,-5.8,0.016
37_1hr,17_19,CGA,1,-10,0.096
37_1hr,17_19,CGC,1,-9.2,0.017
37_1hr,17_19,CGG,1,-13,0.099
37_1hr,17_19,CGT,3,-5.8,0.011
37_1hr,17_19,CTA,2,-7.6,0.055
37_1hr,17_19,CTC,3,-5.9,0.013
37_1hr,17_19,CTG,1,-9.3,0.061
37_1hr,17_19,CTT,3,-5.8,0.01
37_1hr,17_19,GAA,1,-9,0.085
37_1hr,17_19,GAC,2,-8.2,0.02
37_1hr,17_19,GAG,1,-12,0.11
37_1hr,17_19,GAT,3,-5.8,0.016
37_1hr,17_19,GCA,2,-8.4,0.05
37_1hr,17_19,GCC,2,-7.2,0.013
37_1hr,17_19,GCG,1,-10,0.075
37_1hr,17_19,GCT,3,-5.8,0.0071
37_1hr,17_19,GGA,1,-12,0.094
37_1hr,17_19,GGC,1,-11,0.019
37_1hr,17_19,GGG,1,-14,0.097
37_1hr,17_19,GGT,2,-7.4,0.024
37_1hr,17_19,GTA,2,-7.6,0.039
37_1hr,17_19,GTC,3,-5.9,0.006
37_1hr,17_19,GTG,1,-9.3,0.061
37_1hr,17_19,GTT,2,-6.4,0.0056
37_1hr,17_19,TAA,2,-8.1,0.068
37_1hr,17_19,TAC,2,-7.3,0.018
37_1hr,17_19,TAG,1,-11,0.11
37_1hr,17_19,TAT,3,-5.8,0.013
37_1hr,17_19,TCA,2,-7.3,0.065
37_1hr,17_19,TCC,3,-5.9,0.015
37_1hr,17_19,TCG,1,-9.5,0.08
37_1hr,17_19,TCT,3,-5.8,0.011
37_1hr,17_19,TGA,1,-9.9,0.093
37_1hr,17_19,TGC,1,-9,0.012
37_1hr,17_19,TGG,1,-13,0.095
37_1hr,17_19,TGT,3,-5.8,0.012
37_1hr,17_19,TTA,2,-7.6,0.054
37_1hr,17_19,TTC,3,-5.9,0.019
37_1hr,17_19,TTG,1,-9.3,0.084
37_1hr,17_19,TTT,3,-5.8,0.015
37_1hr,4_6,AAA,2,-6.5,0.016
37_1hr,4_6,AAC,3,-5.6,0.014
37_1hr,4_6,AAG,1,-9,0.014
37_1hr,4_6,AAT,5,-2.1,0.0086
37_1hr,4_6,ACA,2,-6.2,0.012
37_1hr,4_6,ACC,4,-4.7,0.017
37_1hr,4_6,ACG,2,-7.8,0.011
37_1hr,4_6,ACT,5,-2,0.011
37_1hr,4_6,AGA,1,-9.1,0.018
37_1hr,4_6,AGC,2,-8.1,0.014
37_1hr,4_6,AGG,1,-12,0.031
37_1hr,4_6,AGT,4,-4.6,0.0058
37_1hr,4_6,ATA,5,-3.6,0.01
37_1hr,4_6,ATC,5,-2,0.01
37_1hr,4_6,ATG,4,-5.2,0.0089
37_1hr,4_6,ATT,5,-2.8,0.0066
37_1hr,4_6,CAA,2,-6.1,0.012
37_1hr,4_6,CAC,3,-5.3,0.014
37_1hr,4_6,CAG,2,-8.6,0.0099
37_1hr,4_6,CAT,5,-1.6,0.0092
37_1hr,4_6,CCA,5,-3.6,0.014
37_1hr,4_6,CCC,4,-4.7,0.02
37_1hr,4_6,CCG,3,-5.8,0.009
37_1hr,4_6,CCT,5,-2.4,0.013
37_1hr,4_6,CGA,2,-7.8,0.013
37_1hr,4_6,CGC,2,-6.9,0.01
37_1hr,4_6,CGG,1,-10,0.011
37_1hr,4_6,CGT,5,-3.3,0.0087
37_1hr,4_6,CTA,5,-3.1,0.0073
37_1hr,4_6,CTC,5,-2,0.011
37_1hr,4_6,CTG,4,-5.2,0.01
37_1hr,4_6,CTT,5,-1.5,0.0083
37_1hr,4_6,GAA,1,-9,0.036
37_1hr,4_6,GAC,2,-8.2,0.012
37_1hr,4_6,GAG,1,-12,0.038
37_1hr,4_6,GAT,4,-4.7,0.0083
37_1hr,4_6,GCA,2,-8.4,0.014
37_1hr,4_6,GCC,2,-7.2,0.016
37_1hr,4_6,GCG,1,-10,0.027
37_1hr,4_6,GCT,4,-4.7,0.0087
37_1hr,4_6,GGA,1,-12,0.073
37_1hr,4_6,GGC,1,-11,0.015
37_1hr,4_6,GGG,1,-14,0.094
37_1hr,4_6,GGT,2,-7.3,0.029
37_1hr,4_6,GTA,3,-5.8,0.0093
37_1hr,4_6,GTC,3,-5.4,0.0096
37_1hr,4_6,GTG,2,-7.4,0.016
37_1hr,4_6,GTT,2,-6.4,0.0095
37_1hr,4_6,TAA,5,-3.8,0.0071
37_1hr,4_6,TAC,5,-3.2,0.0076
37_1hr,4_6,TAG,2,-6.3,0.0097
37_1hr,4_6,TAT,5,-1.5,0.0066
37_1hr,4_6,TCA,5,-3.6,0.01
37_1hr,4_6,TCC,5,-2.1,0.0087
37_1hr,4_6,TCG,3,-5.8,0.0076
37_1hr,4_6,TCT,5,-1.5,0.0081
37_1hr,4_6,TGA,3,-5.6,0.013
37_1hr,4_6,TGC,4,-4.9,0.0075
37_1hr,4_6,TGG,2,-8.3,0.01
37_1hr,4_6,TGT,5,-1.5,0.0055
37_1hr,4_6,TTA,5,-3.1,0.005
37_1hr,4_6,TTC,5,-2,0.0068
37_1hr,4_6,TTG,2,-6,0.0085
37_1hr,4_6,TTT,5,-1.5,0.0073
37_2hr,1_3,AAA,4,-5,0.048
37_2hr,1_3,AAC,4,-5,0.053
37_2hr,1_3,AAG,4,-5,0.023
37_2hr,1_3,AAT,4,-5,0.041
37_2hr,1_3,ACA,4,-5,0.06
37_2hr,1_3,ACC,2,-8.2,0.084
37_2hr,1_3,ACG,4,-5.2,0.041
37_2hr,1_3,ACT,4,-5.1,0.028
37_2hr,1_3,AGA,4,-5,0.036
37_2hr,1_3,AGC,4,-5,0.054
37_2hr,1_3,AGG,4,-5,0.035
37_2hr,1_3,AGT,4,-5,0.059
37_2hr,1_3,ATA,4,-5,0.042
37_2hr,1_3,ATC,4,-5,0.047
37_2hr,1_3,ATG,4,-5,0.036
37_2hr,1_3,ATT,4,-5,0.035
37_2hr,1_3,CAA,2,-8.7,0.12
37_2hr,1_3,CAC,2,-8.7,0.16
37_2hr,1_3,CAG,2,-8.7,0.11
37_2hr,1_3,CAT,2,-8.7,0.078
37_2hr,1_3,CCA,1,-12,0.16
37_2hr,1_3,CCC,1,-14,0.17
37_2hr,1_3,CCG,1,-12,0.15
37_2hr,1_3,CCT,1,-12,0.089
37_2hr,1_3,CGA,1,-9,0.098
37_2hr,1_3,CGC,1,-9,0.14
37_2hr,1_3,CGG,1,-9,0.098
37_2hr,1_3,CGT,1,-9,0.079
37_2hr,1_3,CTA,1,-8.9,0.077
37_2hr,1_3,CTC,1,-8.9,0.12
37_2hr,1_3,CTG,1,-8.9,0.088
37_2hr,1_3,CTT,1,-8.9,0.061
37_2hr,1_3,GAA,4,-5.2,0.039
37_2hr,1_3,GAC,4,-5.2,0.053
37_2hr,1_3,GAG,4,-5.2,0.034
37_2hr,1_3,GAT,4,-5.2,0.051
37_2hr,1_3,GCA,2,-6.3,0.049
37_2hr,1_3,GCC,1,-9.6,0.044
37_2hr,1_3,GCG,2,-6.6,0.031
37_2hr,1_3,GCT,2,-6.5,0.024
37_2hr,1_3,GGA,4,-5.2,0.053
37_2hr,1_3,GGC,3,-5.4,0.053
37_2hr,1_3,GGG,4,-5.2,0.045
37_2hr,1_3,GGT,4,-5.2,0.055
37_2hr,1_3,GTA,4,-5.2,0.04
37_2hr,1_3,GTC,4,-5.2,0.039
37_2hr,1_3,GTG,4,-5.2,0.033
37_2hr,1_3,GTT,4,-5.2,0.031
37_2hr,1_3,TAA,3,-5.6,0.042
37_2hr,1_3,TAC,3,-5.6,0.04
37_2hr,1_3,TAG,3,-5.6,0.027
37_2hr,1_3,TAT,3,-5.6,0.029
37_2hr,1_3,TCA,3,-5.6,0.078
37_2hr,1_3,TCC,2,-8.2,0.12
37_2hr,1_3,TCG,3,-5.6,0.056
37_2hr,1_3,TCT,3,-5.6,0.039
37_2hr,1_3,TGA,3,-5.6,0.036
37_2hr,1_3,TGC,3,-5.6,0.038
37_2hr,1_3,TGG,3,-5.6,0.032
37_2hr,1_3,TGT,3,-5.6,0.04
37_2hr,1_3,TTA,3,-5.6,0.035
37_2hr,1_3,TTC,3,-5.6,0.035
37_2hr,1_3,TTG,3,-5.6,0.032
37_2hr,1_3,TTT,3,-5.6,0.029
37_2hr,14_16,AAA,5,-0.3,0.017
37_2hr,14_16,AAC,5,-3.5,0.021
37_2hr,14_16,AAG,5,-0.3,0.018
37_2hr,14_16,AAT,5,-0.3,0.021
37_2hr,14_16,ACA,5,-2.4,0.028
37_2hr,14_16,ACC,2,-7.3,0.051
37_2hr,14_16,ACG,5,-2.7,0.015
37_2hr,14_16,ACT,5,-2.6,0.019
37_2hr,14_16,AGA,5,-0.3,0.018
37_2hr,14_16,AGC,5,-3.5,0.017
37_2hr,14_16,AGG,5,-0.6,0.014
37_2hr,14_16,AGT,5,-0.3,0.016
37_2hr,14_16,ATA,5,-0.3,0.013
37_2hr,14_16,ATC,5,-3.5,0.017
37_2hr,14_16,ATG,5,-1.1,0.011
37_2hr,14_16,ATT,5,-0.3,0.022
37_2hr,14_16,CAA,4,-4.2,0.022
37_2hr,14_16,CAC,2,-7.3,0.056
37_2hr,14_16,CAG,4,-4.2,0.017
37_2hr,14_16,CAT,4,-4.2,0.019
37_2hr,14_16,CCA,2,-7.9,0.044
37_2hr,14_16,CCC,1,-14,0.093
37_2hr,14_16,CCG,2,-8,0.036
37_2hr,14_16,CCT,2,-7.9,0.042
37_2hr,14_16,CGA,4,-4.5,0.017
37_2hr,14_16,CGC,2,-7.4,0.03
37_2hr,14_16,CGG,4,-4.5,0.019
37_2hr,14_16,CGT,4,-4.5,0.014
37_2hr,14_16,CTA,4,-4.4,0.013
37_2hr,14_16,CTC,2,-7.6,0.034
37_2hr,14_16,CTG,4,-4.4,0.0084
37_2hr,14_16,CTT,4,-4.4,0.019
37_2hr,14_16,GAA,5,-1.2,0.024
37_2hr,14_16,GAC,5,-3.5,0.021
37_2hr,14_16,GAG,5,-1.2,0.015
37_2hr,14_16,GAT,5,-1.2,0.022
37_2hr,14_16,GCA,4,-5.1,0.021
37_2hr,14_16,GCC,1,-9.6,0.03
37_2hr,14_16,GCG,3,-5.4,0.016
37_2hr,14_16,GCT,3,-5.3,0.017
37_2hr,14_16,GGA,5,-1.4,0.014
37_2hr,14_16,GGC,3,-5.4,0.024
37_2hr,14_16,GGG,5,-2,0.011
37_2hr,14_16,GGT,5,-1.9,0.011
37_2hr,14_16,GTA,5,-1.8,0.011
37_2hr,14_16,GTC,5,-3.6,0.016
37_2hr,14_16,GTG,5,-1.8,0.015
37_2hr,14_16,GTT,5,-1.8,0.015
37_2hr,14_16,TAA,5,-0.9,0.018
37_2hr,14_16,TAC,5,-3.5,0.017
37_2hr,14_16,TAG,5,-0.9,0.017
37_2hr,14_16,TAT,5,-0.9,0.013
37_2hr,14_16,TCA,5,-0.9,0.022
37_2hr,14_16,TCC,2,-7.3,0.094
37_2hr,14_16,TCG,5,-0.9,0.012
37_2hr,14_16,TCT,5,-2.5,0.018
37_2hr,14_16,TGA,5,-2.1,0.019
37_2hr,14_16,TGC,5,-3.5,0.018
37_2hr,14_16,TGG,5,-1.1,0.015
37_2hr,14_16,TGT,5,-0.9,0.016
37_2hr,14_16,TTA,5,-0.9,0.012
37_2hr,14_16,TTC,5,-3.6,0.019
37_2hr,14_16,TTG,5,-1.1,0.011
37_2hr,14_16,TTT,5,-0.9,0.015
37_2hr,17_19,AAA,2,-7.7,0.15
37_2hr,17_19,AAC,2,-7.1,0.053
37_2hr,17_19,AAG,1,-10,0.17
37_2hr,17_19,AAT,3,-5.8,0.041
37_2hr,17_19,ACA,2,-7.3,0.12
37_2hr,17_19,ACC,2,-6.2,0.027
37_2hr,17_19,ACG,1,-9.5,0.14
37_2hr,17_19,ACT,3,-5.8,0.025
37_2hr,17_19,AGA,1,-10,0.15
37_2hr,17_19,AGC,1,-9.6,0.027
37_2hr,17_19,AGG,1,-13,0.16
37_2hr,17_19,AGT,2,-6.1,0.028
37_2hr,17_19,ATA,2,-7.6,0.11
37_2hr,17_19,ATC,3,-5.9,0.021
37_2hr,17_19,ATG,1,-9.3,0.14
37_2hr,17_19,ATT,3,-5.8,0.018
37_2hr,17_19,CAA,2,-7.8,0.16
37_2hr,17_19,CAC,2,-7,0.056
37_2hr,17_19,CAG,1,-10,0.18
37_2hr,17_19,CAT,3,-5.8,0.049
37_2hr,17_19,CCA,2,-7.3,0.12
37_2hr,17_19,CCC,3,-5.9,0.042
37_2hr,17_19,CCG,1,-9.5,0.14
37_2hr,17_19,CCT,3,-5.8,0.029
37_2hr,17_19,CGA,1,-10,0.17
37_2hr,17_19,CGC,1,-9.2,0.034
37_2hr,17_19,CGG,1,-13,0.15
37_2hr,17_19,CGT,3,-5.8,0.022
37_2hr,17_19,CTA,2,-7.6,0.096
37_2hr,17_19,CTC,3,-5.9,0.029
37_2hr,17_19,CTG,1,-9.3,0.12
37_2hr,17_19,CTT,3,-5.8,0.019
37_2hr,17_19,GAA,1,-9,0.13
37_2hr,17_19,GAC,2,-8.2,0.033
37_2hr,17_19,GAG,1,-12,0.18
37_2hr,17_19,GAT,3,-5.8,0.028
37_2hr,17_19,GCA,2,-8.4,0.072
37_2hr,17_19,GCC,2,-7.2,0.02
37_2hr,17_19,GCG,1,-10,0.14
37_2hr,17_19,GCT,3,-5.8,0.013
37_2hr,17_19,GGA,1,-12,0.15
37_2hr,17_19,GGC,1,-11,0.03
37_2hr,17_19,GGG,1,-14,0.15
37_2hr,17_19,GGT,2,-7.4,0.036
37_2hr,17_19,GTA,2,-7.6,0.07
37_2hr,17_19,GTC,3,-5.9,0.01
37_2hr,17_19,GTG,1,-9.3,0.1
37_2hr,17_19,GTT,2,-6.4,0.011
37_2hr,17_19,TAA,2,-8.1,0.11
37_2hr,17_19,TAC,2,-7.3,0.031
37_2hr,17_19,TAG,1,-11,0.16
37_2hr,17_19,TAT,3,-5.8,0.023
37_2hr,17_19,TCA,2,-7.3,0.11
37_2hr,17_19,TCC,3,-5.9,0.026
37_2hr,17_19,TCG,1,-9.5,0.13
37_2hr,17_19,TCT,3,-5.8,0.02
37_2hr,17_19,TGA,1,-9.9,0.16
37_2hr,17_19,TGC,1,-9,0.027
37_2hr,17_19,TGG,1,-13,0.15
37_2hr,17_19,TGT,3,-5.8,0.025
37_2hr,17_19,TTA,2,-7.6,0.087
37_2hr,17_19,TTC,3,-5.9,0.027
37_2hr,17_19,TTG,1,-9.3,0.14
37_2hr,17_19,TTT,3,-5.8,0.029
37_2hr,4_6,AAA,2,-6.5,0.025
37_2hr,4_6,AAC,3,-5.6,0.022
37_2hr,4_6,AAG,1,-9,0.029
37_2hr,4_6,AAT,5,-2.1,0.016
37_2hr,4_6,ACA,2,-6.2,0.023
37_2hr,4_6,ACC,4,-4.7,0.03
37_2hr,4_6,ACG,2,-7.8,0.022
37_2hr,4_6,ACT,5,-2,0.018
37_2hr,4_6,AGA,1,-9.1,0.033
37_2hr,4_6,AGC,2,-8.1,0.019
37_2hr,4_6,AGG,1,-12,0.053
37_2hr,4_6,AGT,4,-4.6,0.013
37_2hr,4_6,ATA,5,-3.6,0.015
37_2hr,4_6,ATC,5,-2,0.015
37_2hr,4_6,ATG,4,-5.2,0.014
37_2hr,4_6,ATT,5,-2.8,0.013
37_2hr,4_6,CAA,2,-6.1,0.021
37_2hr,4_6,CAC,3,-5.3,0.024
37_2hr,4_6,CAG,2,-8.6,0.02
37_2hr,4_6,CAT,5,-1.6,0.015
37_2hr,4_6,CCA,5,-3.6,0.028
37_2hr,4_6,CCC,4,-4.7,0.035
37_2hr,4_6,CCG,3,-5.8,0.015
37_2hr,4_6,CCT,5,-2.4,0.022
37_2hr,4_6,CGA,2,-7.8,0.019
37_2hr,4_6,CGC,2,-6.9,0.018
37_2hr,4_6,CGG,1,-10,0.02
37_2hr,4_6,CGT,5,-3.3,0.013
37_2hr,4_6,CTA,5,-3.1,0.015
37_2hr,4_6,CTC,5,-2,0.022
37_2hr,4_6,CTG,4,-5.2,0.011
37_2hr,4_6,CTT,5,-1.5,0.016
37_2hr,4_6,GAA,1,-9,0.063
37_2hr,4_6,GAC,2,-8.2,0.026
37_2hr,4_6,GAG,1,-12,0.066
37_2hr,4_6,GAT,4,-4.7,0.019
37_2hr,4_6,GCA,2,-8.4,0.029
37_2hr,4_6,GCC,2,-7.2,0.026
37_2hr,4_6,GCG,1,-10,0.048
37_2hr,4_6,GCT,4,-4.7,0.014
37_2hr,4_6,GGA,1,-12,0.13
37_2hr,4_6,GGC,1,-11,0.024
37_2hr,4_6,GGG,1,-14,0.14
37_2hr,4_6,GGT,2,-7.3,0.047
37_2hr,4_6,GTA,3,-5.8,0.013
37_2hr,4_6,GTC,3,-5.4,0.014
37_2hr,4_6,GTG,2,-7.4,0.029
37_2hr,4_6,GTT,2,-6.4,0.012
37_2hr,4_6,TAA,5,-3.8,0.011
37_2hr,4_6,TAC,5,-3.2,0.014
37_2hr,4_6,TAG,2,-6.3,0.016
37_2hr,4_6,TAT,5,-1.5,0.012
37_2hr,4_6,TCA,5,-3.6,0.023
37_2hr,4_6,TCC,5,-2.1,0.02
37_2hr,4_6,TCG,3,-5.8,0.016
37_2hr,4_6,TCT,5,-1.5,0.011
37_2hr,4_6,TGA,3,-5.6,0.019
37_2hr,4_6,TGC,4,-4.9,0.013
37_2hr,4_6,TGG,2,-8.3,0.018
37_2hr,4_6,TGT,5,-1.5,0.014
37_2hr,4_6,TTA,5,-3.1,0.011
37_2hr,4_6,TTC,5,-2,0.013
37_2hr,4_6,TTG,2,-6,0.012
37_2hr,4_6,TTT,5,-1.5,0.012
37_30min,1_3,AAA,4,-5,0.011
37_30min,1_3,AAC,4,-5,0.014
37_30min,1_3,AAG,4,-5,0.0063
37_30min,1_3,AAT,4,-5,0.013
37_30min,1_3,ACA,4,-5,0.018
37_30min,1_3,ACC,2,-8.2,0.026
37_30min,1_3,ACG,4,-5.2,0.012
37_30min,1_3,ACT,4,-5.1,0.012
37_30min,1_3,AGA,4,-5,0.013
37_30min,1_3,AGC,4,-5,0.018
37_30min,1_3,AGG,4,-5,0.013
37_30min,1_3,AGT,4,-5,0.018
37_30min,1_3,ATA,4,-5,0.012
37_30min,1_3,ATC,4,-5,0.012
37_30min,1_3,ATG,4,-5,0.011
37_30min,1_3,ATT,4,-5,0.011
37_30min,1_3,CAA,2,-8.7,0.034
37_30min,1_3,CAC,2,-8.7,0.05
37_30min,1_3,CAG,2,-8.7,0.031
37_30min,1_3,CAT,2,-8.7,0.031
37_30min,1_3,CCA,1,-12,0.053
37_30min,1_3,CCC,1,-14,0.06
37_30min,1_3,CCG,1,-12,0.045
37_30min,1_3,CCT,1,-12,0.034
37_30min,1_3,CGA,1,-9,0.032
37_30min,1_3,CGC,1,-9,0.041
37_30min,1_3,CGG,1,-9,0.034
37_30min,1_3,CGT,1,-9,0.028
37_30min,1_3,CTA,1,-8.9,0.024
37_30min,1_3,CTC,1,-8.9,0.037
37_30min,1_3,CTG,1,-8.9,0.028
37_30min,1_3,CTT,1,-8.9,0.023
37_30min,1_3,GAA,4,-5.2,0.013
37_30min,1_3,GAC,4,-5.2,0.015
37_30min,1_3,GAG,4,-5.2,0.0088
37_30min,1_3,GAT,4,-5.2,0.016
37_30min,1_3,GCA,2,-6.3,0.014
37_30min,1_3,GCC,1,-9.6,0.012
37_30min,1_3,GCG,2,-6.6,0.0091
37_30min,1_3,GCT,2,-6.5,0.009
37_30min,1_3,GGA,4,-5.2,0.019
37_30min,1_3,GGC,3,-5.4,0.019
37_30min,1_3,GGG,4,-5.2,0.015
37_30min,1_3,GGT,4,-5.2,0.018
37_30min,1_3,GTA,4,-5.2,0.013
37_30min,1_3,GTC,4,-5.2,0.011
37_30min,1_3,GTG,4,-5.2,0.0092
37_30min,1_3,GTT,4,-5.2,0.0098
37_30min,1_3,TAA,3,-5.6,0.015
37_30min,1_3,TAC,3,-5.6,0.013
37_30min,1_3,TAG,3,-5.6,0.0081
37_30min,1_3,TAT,3,-5.6,0.0096
37_30min,1_3,TCA,3,-5.6,0.023
37_30min,1_3,TCC,2,-8.2,0.035
37_30min,1_3,TCG,3,-5.6,0.018
37_30min,1_3,TCT,3,-5.6,0.014
37_30min,1_3,TGA,3,-5.6,0.0099
37_30min,1_3,TGC,3,-5.6,0.013
37_30min,1_3,TGG,3,-5.6,0.0075
37_30min,1_3,TGT,3,-5.6,0.013
37_30min,1_3,TTA,3,-5.6,0.011
37_30min,1_3,TTC,3,-5.6,0.0093
37_30min,1_3,TTG,3,-5.6,0.009
37_30min,1_3,TTT,3,-5.6,0.011
37_30min,14_16,AAA,5,-0.3,0.0047
37_30min,14_16,AAC,5,-3.5,0.0054
37_30min,14_16,AAG,5,-0.3,0.0049
37_30min,14_16,AAT,5,-0.3,0.0047
37_30min,14_16,ACA,5,-2.4,0.0073
37_30min,14_16,ACC,2,-7.3,0.017
37_30min,14_16,ACG,5,-2.7,0.005
37_30min,14_16,ACT,5,-2.6,0.0054
37_30min,14_16,AGA,5,-0.3,0.005
37_30min,14_16,AGC,5,-3.5,0.0051
37_30min,14_16,AGG,5,-0.6,0.0039
37_30min,14_16,AGT,5,-0.3,0.0034
37_30min,14_16,ATA,5,-0.3,0.0044
37_30min,14_16,ATC,5,-3.5,0.0035
37_30min,14_16,ATG,5,-1.1,0.0037
37_30min,14_16,ATT,5,-0.3,0.0048
37_30min,14_16,CAA,5,-4.2,0.0098
37_30min,14_16,CAC,2,-7.3,0.013
37_30min,14_16,CAG,5,-4.2,0.0031
37_30min,14_16,CAT,5,-4.2,0.0083
37_30min,14_16,CCA,2,-7.9,0.011
37_30min,14_16,CCC,1,-14,0.031
37_30min,14_16,CCG,2,-8,0.0099
37_30min,14_16,CCT,2,-7.9,0.0099
37_30min,14_16,CGA,4,-4.5,0.0069
37_30min,14_16,CGC,2,-7.4,0.0052
37_30min,14_16,CGG,4,-4.5,0.0037
37_30min,14_16,CGT,4,-4.5,0.0037
37_30min,14_16,CTA,4,-4.4,0.0045
37_30min,14_16,CTC,2,-7.6,0.0093
37_30min,14_16,CTG,4,-4.4,0.0052
37_30min,14_16,CTT,4,-4.4,0.0063
37_30min,14_16,GAA,5,-1.2,0.0042
37_30min,14_16,GAC,5,-3.5,0.0037
37_30min,14_16,GAG,5,-1.2,0.0043
37_30min,14_16,GAT,5,-1.2,0.005
37_30min,14_16,GCA,4,-5.1,0.005
37_30min,14_16,GCC,1,-9.6,0.011
37_30min,14_16,GCG,3,-5.4,0.0032
37_30min,14_16,GCT,3,-5.3,0.0066
37_30min,14_16,GGA,5,-1.4,0.0064
37_30min,14_16,GGC,3,-5.4,0.0044
37_30min,14_16,GGG,5,-2,0.006
37_30min,14_16,GGT,5,-1.9,0.0033
37_30min,14_16,GTA,5,-1.8,0.0033
37_30min,14_16,GTC,5,-3.6,0.0059
37_30min,14_16,GTG,5,-1.8,0.0048
37_30min,14_16,GTT,5,-1.8,0.0046
37_30min,14_16,TAA,5,-0.9,0.0042
37_30min,14_16,TAC,5,-3.5,0.0056
37_30min,14_16,TAG,5,-0.9,0.0026
37_30min,14_16,TAT,5,-0.9,0.0045
37_30min,14_16,TCA,5,-0.9,0.0044
37_30min,14_16,TCC,2,-7.3,0.027
37_30min,14_16,TCG,5,-0.9,0.0054
37_30min,14_16,TCT,5,-2.5,0.0046
37_30min,14_16,TGA,5,-2.1,0.0047
37_30min,14_16,TGC,5,-3.5,0.0048
37_30min,14_16,TGG,5,-1.1,0.0056
37_30min,14_16,TGT,5,-0.9,0.004
37_30min,14_16,TTA,5,-0.9,0.0054
37_30min,14_16,TTC,5,-3.6,0.0035
37_30min,14_16,TTG,5,-1.1,0.0034
37_30min,14_16,TTT,5,-0.9,0.0049
37_30min,17_19,AAA,2,-7.7,0.04
37_30min,17_19,AAC,2,-7.1,0.015
37_30min,17_19,AAG,1,-10,0.051
37_30min,17_19,AAT,3,-5.8,0.012
37_30min,17_19,ACA,2,-7.3,0.031
37_30min,17_19,ACC,2,-6.2,0.0088
37_30min,17_19,ACG,1,-9.5,0.037
37_30min,17_19,ACT,3,-5.8,0.0057
37_30min,17_19,AGA,1,-10,0.045
37_30min,17_19,AGC,1,-9.6,0.0092
37_30min,17_19,AGG,1,-13,0.049
37_30min,17_19,AGT,2,-6.1,0.01
37_30min,17_19,ATA,2,-7.6,0.029
37_30min,17_19,ATC,3,-5.9,0.0061
37_30min,17_19,ATG,1,-9.3,0.044
37_30min,17_19,ATT,3,-5.8,0.0044
37_30min,17_19,CAA,2,-7.8,0.044
37_30min,17_19,CAC,2,-7,0.016
37_30min,17_19,CAG,1,-10,0.051
37_30min,17_19,CAT,3,-5.8,0.013
37_30min,17_19,CCA,2,-7.3,0.026
37_30min,17_19,CCC,3,-5.9,0.0095
37_30min,17_19,CCG,1,-9.5,0.036
37_30min,17_19,CCT,3,-5.8,0.0069
37_30min,17_19,CGA,1,-10,0.05
37_30min,17_19,CGC,1,-9.2,0.0081
37_30min,17_19,CGG,1,-13,0.041
37_30min,17_19,CGT,3,-5.8,0.005
37_30min,17_19,CTA,2,-7.6,0.026
37_30min,17_19,CTC,3,-5.9,0.0068
37_30min,17_19,CTG,1,-9.3,0.032
37_30min,17_19,CTT,3,-5.8,0.0053
37_30min,17_19,GAA,1,-9,0.038
37_30min,17_19,GAC,2,-8.2,0.0091
37_30min,17_19,GAG,1,-12,0.053
37_30min,17_19,GAT,3,-5.8,0.0081
37_30min,17_19,GCA,2,-8.4,0.021
37_30min,17_19,GCC,2,-7.2,0.007
37_30min,17_19,GCG,1,-10,0.037
37_30min,17_19,GCT,3,-5.8,0.003
37_30min,17_19,GGA,1,-12,0.045
37_30min,17_19,GGC,1,-11,0.0088
37_30min,17_19,GGG,1,-14,0.049
37_30min,17_19,GGT,2,-7.4,0.01
37_30min,17_19,GTA,2,-7.6,0.02
37_30min,17_19,GTC,3,-5.9,0.0036
37_30min,17_19,GTG,1,-9.3,0.033
37_30min,17_19,GTT,2,-6.4,0.0034
37_30min,17_19,TAA,2,-8.1,0.039
37_30min,17_19,TAC,2,-7.3,0.011
37_30min,17_19,TAG,1,-11,0.05
37_30min,17_19,TAT,3,-5.8,0.0089
37_30min,17_19,TCA,2,-7.3,0.026
37_30min,17_19,TCC,3,-5.9,0.0054
37_30min,17_19,TCG,1,-9.5,0.038
37_30min,17_19,TCT,3,-5.8,0.0068
37_30min,17_19,TGA,1,-9.9,0.047
37_30min,17_19,TGC,1,-9,0.0075
37_30min,17_19,TGG,1,-13,0.047
37_30min,17_19,TGT,3,-5.8,0.0071
37_30min,17_19,TTA,2,-7.6,0.026
37_30min,17_19,TTC,3,-5.9,0.0085
37_30min,17_19,TTG,1,-9.3,0.044
37_30min,17_19,TTT,3,-5.8,0.0081
37_30min,4_6,AAA,2,-6.5,0.0065
37_30min,4_6,AAC,3,-5.6,0.0056
37_30min,4_6,AAG,1,-9,0.0069
37_30min,4_6,AAT,5,-2.1,0.0046
37_30min,4_6,ACA,2,-6.2,0.0056
37_30min,4_6,ACC,4,-4.7,0.0071
37_30min,4_6,ACG,2,-7.8,0.0058
37_30min,4_6,ACT,5,-2,0.0056
37_30min,4_6,AGA,1,-9.1,0.011
37_30min,4_6,AGC,2,-8.1,0.0059
37_30min,4_6,AGG,1,-12,0.013
37_30min,4_6,AGT,4,-4.6,0.0034
37_30min,4_6,ATA,5,-3.6,0.0033
37_30min,4_6,ATC,5,-2,0.0052
37_30min,4_6,ATG,4,-5.2,0.0043
37_30min,4_6,ATT,5,-2.8,0.0025
37_30min,4_6,CAA,2,-6.1,0.0047
37_30min,4_6,CAC,3,-5.3,0.0061
37_30min,4_6,CAG,2,-8.6,0.0053
37_30min,4_6,CAT,5,-1.6,0.005
37_30min,4_6,CCA,5,-3.6,0.0066
37_30min,4_6,CCC,4,-4.7,0.008
37_30min,4_6,CCG,3,-5.8,0.0045
37_30min,4_6,CCT,5,-2.4,0.0068
37_30min,4_6,CGA,2,-7.8,0.0043
37_30min,4_6,CGC,2,-6.9,0.0053
37_30min,4_6,CGG,1,-10,0.0042
37_30min,4_6,CGT,5,-3.3,0.0036
37_30min,4_6,CTA,5,-3.1,0.0037
37_30min,4_6,CTC,5,-2,0.0035
37_30min,4_6,CTG,4,-5.2,0.0022
37_30min,4_6,CTT,5,-1.5,0.0036
37_30min,4_6,GAA,1,-9,0.016
37_30min,4_6,GAC,2,-8.2,0.0063
37_30min,4_6,GAG,1,-12,0.017
37_30min,4_6,GAT,4,-4.7,0.0049
37_30min,4_6,GCA,2,-8.4,0.0083
37_30min,4_6,GCC,2,-7.2,0.0073
37_30min,4_6,GCG,1,-10,0.014
37_30min,4_6,GCT,4,-4.7,0.0036
37_30min,4_6,GGA,1,-12,0.035
37_30min,4_6,GGC,1,-11,0.008
37_30min,4_6,GGG,1,-14,0.048
37_30min,4_6,GGT,2,-7.3,0.012
37_30min,4_6,GTA,3,-5.8,0.0042
37_30min,4_6,GTC,3,-5.4,0.0053
37_30min,4_6,GTG,2,-7.4,0.0073
37_30min,4_6,GTT,2,-6.4,0.0031
37_30min,4_6,TAA,5,-3.8,0.0028
37_30min,4_6,TAC,5,-3.2,0.0039
37_30min,4_6,TAG,2,-6.3,0.0054
37_30min,4_6,TAT,5,-1.5,0.0033
37_30min,4_6,TCA,5,-3.6,0.0051
37_30min,4_6,TCC,5,-2.1,0.0054
37_30min,4_6,TCG,3,-5.8,0.003
37_30min,4_6,TCT,5,-1.5,0.0033
37_30min,4_6,TGA,3,-5.6,0.0049
37_30min,4_6,TGC,4,-4.9,0.003
37_30min,4_6,TGG,2,-8.3,0.0054
37_30min,4_6,TGT,5,-1.5,0.0036
37_30min,4_6,TTA,5,-3.1,0.0035
37_30min,4_6,TTC,5,-2,0.0044
37_30min,4_6,TTG,2,-6,0.003
37_30min,4_6,TTT,5,-1.5,0.0042
