tada_type,condition,variable_subpos,insert,energy_bins,free_energy,mean_fraction_edited
gfpnb,37_2hr,1_3,AAA,4,-5,0.15
gfpnb,37_2hr,1_3,AAC,4,-5,0.16
gfpnb,37_2hr,1_3,AAG,4,-5,0.067
gfpnb,37_2hr,1_3,AAT,4,-5,0.11
gfpnb,37_2hr,1_3,ACA,4,-5,0.2
gfpnb,37_2hr,1_3,ACC,2,-8.2,0.26
gfpnb,37_2hr,1_3,ACG,4,-5.2,0.15
gfpnb,37_2hr,1_3,ACT,4,-5.1,0.093
gfpnb,37_2hr,1_3,AGA,4,-5,0.13
gfpnb,37_2hr,1_3,AGC,4,-5,0.17
gfpnb,37_2hr,1_3,AGG,4,-5,0.12
gfpnb,37_2hr,1_3,AGT,4,-5,0.14
gfpnb,37_2hr,1_3,ATA,4,-5,0.13
gfpnb,37_2hr,1_3,ATC,4,-5,0.14
gfpnb,37_2hr,1_3,ATG,4,-5,0.1
gfpnb,37_2hr,1_3,ATT,4,-5,0.11
gfpnb,37_2hr,1_3,CAA,2,-8.7,0.35
gfpnb,37_2hr,1_3,CAC,2,-8.7,0.4
gfpnb,37_2hr,1_3,CAG,2,-8.7,0.34
gfpnb,37_2hr,1_3,CAT,2,-8.7,0.21
gfpnb,37_2hr,1_3,CCA,1,-12,0.42
gfpnb,37_2hr,1_3,CCC,1,-14,0.41
gfpnb,37_2hr,1_3,CCG,1,-12,0.41
gfpnb,37_2hr,1_3,CCT,1,-12,0.22
gfpnb,37_2hr,1_3,CGA,1,-9,0.33
gfpnb,37_2hr,1_3,CGC,1,-9,0.4
gfpnb,37_2hr,1_3,CGG,1,-9,0.32
gfpnb,37_2hr,1_3,CGT,1,-9,0.21
gfpnb,37_2hr,1_3,CTA,1,-8.9,0.28
gfpnb,37_2hr,1_3,CTC,1,-8.9,0.34
gfpnb,37_2hr,1_3,CTG,1,-8.9,0.3
gfpnb,37_2hr,1_3,CTT,1,-8.9,0.18
gfpnb,37_2hr,1_3,GAA,4,-5.2,0.15
gfpnb,37_2hr,1_3,GAC,4,-5.2,0.16
gfpnb,37_2hr,1_3,GAG,4,-5.2,0.1
gfpnb,37_2hr,1_3,GAT,4,-5.2,0.14
gfpnb,37_2hr,1_3,GCA,2,-6.3,0.14
gfpnb,37_2hr,1_3,GCC,1,-9.6,0.13
gfpnb,37_2hr,1_3,GCG,2,-6.6,0.11
gfpnb,37_2hr,1_3,GCT,2,-6.5,0.073
gfpnb,37_2hr,1_3,GGA,4,-5.2,0.16
gfpnb,37_2hr,1_3,GGC,3,-5.4,0.15
gfpnb,37_2hr,1_3,GGG,4,-5.2,0.14
gfpnb,37_2hr,1_3,GGT,4,-5.2,0.15
gfpnb,37_2hr,1_3,GTA,4,-5.2,0.11
gfpnb,37_2hr,1_3,GTC,4,-5.2,0.14
gfpnb,37_2hr,1_3,GTG,4,-5.2,0.098
gfpnb,37_2hr,1_3,GTT,4,-5.2,0.094
gfpnb,37_2hr,1_3,TAA,3,-5.6,0.15
gfpnb,37_2hr,1_3,TAC,3,-5.6,0.16
gfpnb,37_2hr,1_3,TAG,3,-5.6,0.093
gfpnb,37_2hr,1_3,TAT,3,-5.6,0.09
gfpnb,37_2hr,1_3,TCA,3,-5.6,0.28
gfpnb,37_2hr,1_3,TCC,2,-8.2,0.33
gfpnb,37_2hr,1_3,TCG,3,-5.6,0.21
gfpnb,37_2hr,1_3,TCT,3,-5.6,0.098
gfpnb,37_2hr,1_3,TGA,3,-5.6,0.12
gfpnb,37_2hr,1_3,TGC,3,-5.6,0.13
gfpnb,37_2hr,1_3,TGG,3,-5.6,0.082
gfpnb,37_2hr,1_3,TGT,3,-5.6,0.11
gfpnb,37_2hr,1_3,TTA,3,-5.6,0.1
gfpnb,37_2hr,1_3,TTC,3,-5.6,0.11
gfpnb,37_2hr,1_3,TTG,3,-5.6,0.11
gfpnb,37_2hr,1_3,TTT,3,-5.6,0.088
gfpnb,37_2hr,14_16,AAA,5,-0.3,0.043
gfpnb,37_2hr,14_16,AAC,5,-3.5,0.047
gfpnb,37_2hr,14_16,AAG,5,-0.3,0.05
gfpnb,37_2hr,14_16,AAT,5,-0.3,0.042
gfpnb,37_2hr,14_16,ACA,5,-2.4,0.063
gfpnb,37_2hr,14_16,ACC,2,-7.3,0.19
gfpnb,37_2hr,14_16,ACG,5,-2.7,0.04
gfpnb,37_2hr,14_16,ACT,5,-2.6,0.046
gfpnb,37_2hr,14_16,AGA,5,-0.3,0.038
gfpnb,37_2hr,14_16,AGC,5,-3.5,0.037
gfpnb,37_2hr,14_16,AGG,5,-0.6,0.034
gfpnb,37_2hr,14_16,AGT,5,-0.3,0.028
gfpnb,37_2hr,14_16,ATA,5,-0.3,0.029
gfpnb,37_2hr,14_16,ATC,5,-3.5,0.041
gfpnb,37_2hr,14_16,ATG,5,-1.1,0.031
gfpnb,37_2hr,14_16,ATT,5,-0.3,0.042
gfpnb,37_2hr,14_16,CAA,4,-4.2,0.068
gfpnb,37_2hr,14_16,CAC,2,-7.3,0.18
gfpnb,37_2hr,14_16,CAG,4,-4.2,0.039
gfpnb,37_2hr,14_16,CAT,4,-4.2,0.059
gfpnb,37_2hr,14_16,CCA,2,-7.9,0.12
gfpnb,37_2hr,14_16,CCC,1,-14,0.26
gfpnb,37_2hr,14_16,CCG,2,-8,0.1
gfpnb,37_2hr,14_16,CCT,2,-7.9,0.1
gfpnb,37_2hr,14_16,CGA,4,-4.5,0.036
gfpnb,37_2hr,14_16,CGC,2,-7.4,0.077
gfpnb,37_2hr,14_16,CGG,4,-4.5,0.039
gfpnb,37_2hr,14_16,CGT,4,-4.5,0.027
gfpnb,37_2hr,14_16,CTA,4,-4.4,0.04
gfpnb,37_2hr,14_16,CTC,2,-7.6,0.11
gfpnb,37_2hr,14_16,CTG,4,-4.4,0.032
gfpnb,37_2hr,14_16,CTT,4,-4.4,0.039
gfpnb,37_2hr,14_16,GAA,5,-1.2,0.038
gfpnb,37_2hr,14_16,GAC,5,-3.5,0.036
gfpnb,37_2hr,14_16,GAG,5,-1.2,0.028
gfpnb,37_2hr,14_16,GAT,5,-1.2,0.044
gfpnb,37_2hr,14_16,GCA,4,-5.1,0.058
gfpnb,37_2hr,14_16,GCC,1,-9.6,0.09
gfpnb,37_2hr,14_16,GCG,3,-5.4,0.04
gfpnb,37_2hr,14_16,GCT,3,-5.3,0.048
gfpnb,37_2hr,14_16,GGA,5,-1.4,0.037
gfpnb,37_2hr,14_16,GGC,3,-5.4,0.042
gfpnb,37_2hr,14_16,GGG,5,-2,0.033
gfpnb,37_2hr,14_16,GGT,5,-1.9,0.037
gfpnb,37_2hr,14_16,GTA,5,-1.8,0.031
gfpnb,37_2hr,14_16,GTC,5,-3.6,0.044
gfpnb,37_2hr,14_16,GTG,5,-1.8,0.031
gfpnb,37_2hr,14_16,GTT,5,-1.8,0.036
gfpnb,37_2hr,14_16,TAA,5,-0.9,0.034
gfpnb,37_2hr,14_16,TAC,5,-3.5,0.05
gfpnb,37_2hr,14_16,TAG,5,-0.9,0.033
gfpnb,37_2hr,14_16,TAT,5,-0.9,0.024
gfpnb,37_2hr,14_16,TCA,5,-0.9,0.048
gfpnb,37_2hr,14_16,TCC,2,-7.3,0.28
gfpnb,37_2hr,14_16,TCG,5,-0.9,0.039
gfpnb,37_2hr,14_16,TCT,5,-2.5,0.044
gfpnb,37_2hr,14_16,TGA,5,-2.1,0.033
gfpnb,37_2hr,14_16,TGC,5,-3.5,0.042
gfpnb,37_2hr,14_16,TGG,5,-1.1,0.039
gfpnb,37_2hr,14_16,TGT,5,-0.9,0.025
gfpnb,37_2hr,14_16,TTA,5,-0.9,0.032
gfpnb,37_2hr,14_16,TTC,5,-3.6,0.041
gfpnb,37_2hr,14_16,TTG,5,-1.1,0.024
gfpnb,37_2hr,14_16,TTT,5,-0.9,0.031
gfpnb,37_2hr,17_19,AAA,2,-7.7,0.35
gfpnb,37_2hr,17_19,AAC,2,-7.1,0.17
gfpnb,37_2hr,17_19,AAG,1,-10,0.4
gfpnb,37_2hr,17_19,AAT,3,-5.8,0.13
gfpnb,37_2hr,17_19,ACA,2,-7.3,0.33
gfpnb,37_2hr,17_19,ACC,2,-6.2,0.1
gfpnb,37_2hr,17_19,ACG,1,-9.5,0.41
gfpnb,37_2hr,17_19,ACT,3,-5.8,0.075
gfpnb,37_2hr,17_19,AGA,1,-10,0.38
gfpnb,37_2hr,17_19,AGC,1,-9.6,0.1
gfpnb,37_2hr,17_19,AGG,1,-13,0.39
gfpnb,37_2hr,17_19,AGT,2,-6.1,0.091
gfpnb,37_2hr,17_19,ATA,2,-7.6,0.32
gfpnb,37_2hr,17_19,ATC,3,-5.9,0.076
gfpnb,37_2hr,17_19,ATG,1,-9.3,0.41
gfpnb,37_2hr,17_19,ATT,3,-5.8,0.053
gfpnb,37_2hr,17_19,CAA,2,-7.8,0.44
gfpnb,37_2hr,17_19,CAC,2,-7,0.18
gfpnb,37_2hr,17_19,CAG,1,-10,0.42
gfpnb,37_2hr,17_19,CAT,3,-5.8,0.14
gfpnb,37_2hr,17_19,CCA,2,-7.3,0.33
gfpnb,37_2hr,17_19,CCC,3,-5.9,0.088
gfpnb,37_2hr,17_19,CCG,1,-9.5,0.38
gfpnb,37_2hr,17_19,CCT,3,-5.8,0.09
gfpnb,37_2hr,17_19,CGA,1,-10,0.41
gfpnb,37_2hr,17_19,CGC,1,-9.2,0.087
gfpnb,37_2hr,17_19,CGG,1,-13,0.39
gfpnb,37_2hr,17_19,CGT,3,-5.8,0.072
gfpnb,37_2hr,17_19,CTA,2,-7.6,0.3
gfpnb,37_2hr,17_19,CTC,3,-5.9,0.068
gfpnb,37_2hr,17_19,CTG,1,-9.3,0.36
gfpnb,37_2hr,17_19,CTT,3,-5.8,0.062
gfpnb,37_2hr,17_19,GAA,1,-9,0.32
gfpnb,37_2hr,17_19,GAC,2,-8.2,0.099
gfpnb,37_2hr,17_19,GAG,1,-12,0.41
gfpnb,37_2hr,17_19,GAT,3,-5.8,0.089
gfpnb,37_2hr,17_19,GCA,2,-8.4,0.24
gfpnb,37_2hr,17_19,GCC,2,-7.2,0.054
gfpnb,37_2hr,17_19,GCG,1,-10,0.39
gfpnb,37_2hr,17_19,GCT,3,-5.8,0.032
gfpnb,37_2hr,17_19,GGA,1,-12,0.37
gfpnb,37_2hr,17_19,GGC,1,-11,0.089
gfpnb,37_2hr,17_19,GGG,1,-14,0.37
gfpnb,37_2hr,17_19,GGT,2,-7.4,0.11
gfpnb,37_2hr,17_19,GTA,2,-7.6,0.23
gfpnb,37_2hr,17_19,GTC,3,-5.9,0.031
gfpnb,37_2hr,17_19,GTG,1,-9.3,0.3
gfpnb,37_2hr,17_19,GTT,2,-6.4,0.028
gfpnb,37_2hr,17_19,TAA,2,-8.1,0.31
gfpnb,37_2hr,17_19,TAC,2,-7.3,0.069
gfpnb,37_2hr,17_19,TAG,1,-11,0.41
gfpnb,37_2hr,17_19,TAT,3,-5.8,0.065
gfpnb,37_2hr,17_19,TCA,2,-7.3,0.31
gfpnb,37_2hr,17_19,TCC,3,-5.9,0.092
gfpnb,37_2hr,17_19,TCG,1,-9.5,0.37
gfpnb,37_2hr,17_19,TCT,3,-5.8,0.059
gfpnb,37_2hr,17_19,TGA,1,-9.9,0.41
gfpnb,37_2hr,17_19,TGC,1,-9,0.068
gfpnb,37_2hr,17_19,TGG,1,-13,0.38
gfpnb,37_2hr,17_19,TGT,3,-5.8,0.065
gfpnb,37_2hr,17_19,TTA,2,-7.6,0.28
gfpnb,37_2hr,17_19,TTC,3,-5.9,0.089
gfpnb,37_2hr,17_19,TTG,1,-9.3,0.41
gfpnb,37_2hr,17_19,TTT,3,-5.8,0.081
gfpnb,37_2hr,4_6,AAA,2,-6.5,0.062
gfpnb,37_2hr,4_6,AAC,3,-5.6,0.049
gfpnb,37_2hr,4_6,AAG,1,-9,0.099
gfpnb,37_2hr,4_6,AAT,5,-2.1,0.025
gfpnb,37_2hr,4_6,ACA,2,-6.2,0.047
gfpnb,37_2hr,4_6,ACC,4,-4.7,0.057
gfpnb,37_2hr,4_6,ACG,2,-7.8,0.045
gfpnb,37_2hr,4_6,ACT,5,-2,0.03
gfpnb,37_2hr,4_6,AGA,1,-9.1,0.14
gfpnb,37_2hr,4_6,AGC,2,-8.1,0.059
gfpnb,37_2hr,4_6,AGG,1,-12,0.19
gfpnb,37_2hr,4_6,AGT,4,-4.6,0.03
gfpnb,37_2hr,4_6,ATA,5,-3.6,0.029
gfpnb,37_2hr,4_6,ATC,5,-2,0.032
gfpnb,37_2hr,4_6,ATG,4,-5.2,0.033
gfpnb,37_2hr,4_6,ATT,5,-2.8,0.029
gfpnb,37_2hr,4_6,CAA,2,-6.1,0.039
gfpnb,37_2hr,4_6,CAC,3,-5.3,0.05
gfpnb,37_2hr,4_6,CAG,2,-8.6,0.051
gfpnb,37_2hr,4_6,CAT,5,-1.6,0.028
gfpnb,37_2hr,4_6,CCA,5,-3.6,0.048
gfpnb,37_2hr,4_6,CCC,4,-4.7,0.058
gfpnb,37_2hr,4_6,CCG,3,-5.8,0.03
gfpnb,37_2hr,4_6,CCT,5,-2.4,0.039
gfpnb,37_2hr,4_6,CGA,2,-7.8,0.044
gfpnb,37_2hr,4_6,CGC,2,-6.9,0.034
gfpnb,37_2hr,4_6,CGG,1,-10,0.047
gfpnb,37_2hr,4_6,CGT,5,-3.3,0.024
gfpnb,37_2hr,4_6,CTA,5,-3.1,0.023
gfpnb,37_2hr,4_6,CTC,5,-2,0.032
gfpnb,37_2hr,4_6,CTG,4,-5.2,0.026
gfpnb,37_2hr,4_6,CTT,5,-1.5,0.029
gfpnb,37_2hr,4_6,GAA,1,-9,0.23
gfpnb,37_2hr,4_6,GAC,2,-8.2,0.062
gfpnb,37_2hr,4_6,GAG,1,-12,0.23
gfpnb,37_2hr,4_6,GAT,4,-4.7,0.045
gfpnb,37_2hr,4_6,GCA,2,-8.4,0.074
gfpnb,37_2hr,4_6,GCC,2,-7.2,0.057
gfpnb,37_2hr,4_6,GCG,1,-10,0.18
gfpnb,37_2hr,4_6,GCT,4,-4.7,0.031
gfpnb,37_2hr,4_6,GGA,1,-12,0.34
gfpnb,37_2hr,4_6,GGC,1,-11,0.081
gfpnb,37_2hr,4_6,GGG,1,-14,0.38
gfpnb,37_2hr,4_6,GGT,2,-7.3,0.19
gfpnb,37_2hr,4_6,GTA,3,-5.8,0.046
gfpnb,37_2hr,4_6,GTC,3,-5.4,0.026
gfpnb,37_2hr,4_6,GTG,2,-7.4,0.1
gfpnb,37_2hr,4_6,GTT,2,-6.4,0.034
gfpnb,37_2hr,4_6,TAA,5,-3.8,0.019
gfpnb,37_2hr,4_6,TAC,5,-3.2,0.021
gfpnb,37_2hr,4_6,TAG,2,-6.3,0.036
gfpnb,37_2hr,4_6,TAT,5,-1.5,0.024
gfpnb,37_2hr,4_6,TCA,5,-3.6,0.03
gfpnb,37_2hr,4_6,TCC,5,-2.1,0.027
gfpnb,37_2hr,4_6,TCG,3,-5.8,0.027
gfpnb,37_2hr,4_6,TCT,5,-1.5,0.023
gfpnb,37_2hr,4_6,TGA,3,-5.6,0.04
gfpnb,37_2hr,4_6,TGC,4,-4.9,0.03
gfpnb,37_2hr,4_6,TGG,2,-8.3,0.042
gfpnb,37_2hr,4_6,TGT,5,-1.5,0.023
gfpnb,37_2hr,4_6,TTA,5,-3.1,0.016
gfpnb,37_2hr,4_6,TTC,5,-2,0.019
gfpnb,37_2hr,4_6,TTG,2,-6,0.024
gfpnb,37_2hr,4_6,TTT,5,-1.5,0.015
pAG,37_2hr,1_3,AAA,4,-5,0.2
pAG,37_2hr,1_3,AAC,4,-5,0.26
pAG,37_2hr,1_3,AAG,4,-5,0.083
pAG,37_2hr,1_3,AAT,4,-5,0.11
pAG,37_2hr,1_3,ACA,4,-5,0.3
pAG,37_2hr,1_3,ACC,2,-8.2,0.37
pAG,37_2hr,1_3,ACG,3,-5.2,0.23
pAG,37_2hr,1_3,ACT,4,-5.1,0.11
pAG,37_2hr,1_3,AGA,4,-5,0.18
pAG,37_2hr,1_3,AGC,4,-5,0.26
pAG,37_2hr,1_3,AGG,4,-5,0.17
pAG,37_2hr,1_3,AGT,4,-5,0.15
pAG,37_2hr,1_3,ATA,4,-5,0.13
pAG,37_2hr,1_3,ATC,4,-5,0.25
pAG,37_2hr,1_3,ATG,4,-5,0.17
pAG,37_2hr,1_3,ATT,4,-5,0.14
pAG,37_2hr,1_3,CAA,1,-8.7,0.43
pAG,37_2hr,1_3,CAC,1,-8.7,0.52
pAG,37_2hr,1_3,CAG,1,-8.7,0.39
pAG,37_2hr,1_3,CAT,1,-8.7,0.22
pAG,37_2hr,1_3,CCA,1,-12,0.49
pAG,37_2hr,1_3,CCC,1,-14,0.46
pAG,37_2hr,1_3,CCG,1,-12,0.47
pAG,37_2hr,1_3,CCT,1,-12,0.18
pAG,37_2hr,1_3,CGA,1,-9,0.4
pAG,37_2hr,1_3,CGC,1,-9,0.47
pAG,37_2hr,1_3,CGG,1,-9,0.34
pAG,37_2hr,1_3,CGT,1,-9,0.21
pAG,37_2hr,1_3,CTA,1,-8.9,0.29
pAG,37_2hr,1_3,CTC,1,-8.9,0.45
pAG,37_2hr,1_3,CTG,1,-8.9,0.36
pAG,37_2hr,1_3,CTT,1,-8.9,0.19
pAG,37_2hr,1_3,GAA,3,-5.2,0.2
pAG,37_2hr,1_3,GAC,3,-5.2,0.25
pAG,37_2hr,1_3,GAG,3,-5.2,0.16
pAG,37_2hr,1_3,GAT,3,-5.2,0.17
pAG,37_2hr,1_3,GCA,2,-6.3,0.24
pAG,37_2hr,1_3,GCC,1,-9.6,0.23
pAG,37_2hr,1_3,GCG,2,-6.6,0.18
pAG,37_2hr,1_3,GCT,2,-6.5,0.11
pAG,37_2hr,1_3,GGA,3,-5.2,0.22
pAG,37_2hr,1_3,GGC,3,-5.4,0.22
pAG,37_2hr,1_3,GGG,3,-5.2,0.18
pAG,37_2hr,1_3,GGT,3,-5.2,0.18
pAG,37_2hr,1_3,GTA,3,-5.2,0.17
pAG,37_2hr,1_3,GTC,3,-5.2,0.23
pAG,37_2hr,1_3,GTG,3,-5.2,0.16
pAG,37_2hr,1_3,GTT,3,-5.2,0.14
pAG,37_2hr,1_3,TAA,3,-5.6,0.21
pAG,37_2hr,1_3,TAC,3,-5.6,0.22
pAG,37_2hr,1_3,TAG,3,-5.6,0.15
pAG,37_2hr,1_3,TAT,3,-5.6,0.096
pAG,37_2hr,1_3,TCA,3,-5.6,0.38
pAG,37_2hr,1_3,TCC,2,-8.2,0.44
pAG,37_2hr,1_3,TCG,3,-5.6,0.3
pAG,37_2hr,1_3,TCT,3,-5.6,0.11
pAG,37_2hr,1_3,TGA,3,-5.6,0.18
pAG,37_2hr,1_3,TGC,3,-5.6,0.22
pAG,37_2hr,1_3,TGG,3,-5.6,0.14
pAG,37_2hr,1_3,TGT,3,-5.6,0.15
pAG,37_2hr,1_3,TTA,3,-5.6,0.13
pAG,37_2hr,1_3,TTC,3,-5.6,0.2
pAG,37_2hr,1_3,TTG,3,-5.6,0.17
pAG,37_2hr,1_3,TTT,3,-5.6,0.11
pAG,37_2hr,14_16,AAA,5,-0.3,0.12
pAG,37_2hr,14_16,AAC,5,-3.5,0.14
pAG,37_2hr,14_16,AAG,5,-0.3,0.086
pAG,37_2hr,14_16,AAT,5,-0.3,0.086
pAG,37_2hr,14_16,ACA,5,-2.4,0.16
pAG,37_2hr,14_16,ACC,2,-7.3,0.3
pAG,37_2hr,14_16,ACG,5,-2.7,0.097
pAG,37_2hr,14_16,ACT,5,-2.6,0.11
pAG,37_2hr,14_16,AGA,5,-0.3,0.094
pAG,37_2hr,14_16,AGC,5,-3.5,0.12
pAG,37_2hr,14_16,AGG,5,-0.6,0.087
pAG,37_2hr,14_16,AGT,5,-0.3,0.06
pAG,37_2hr,14_16,ATA,5,-0.3,0.048
pAG,37_2hr,14_16,ATC,5,-3.5,0.11
pAG,37_2hr,14_16,ATG,5,-1.1,0.071
pAG,37_2hr,14_16,ATT,5,-0.3,0.078
pAG,37_2hr,14_16,CAA,4,-4.2,0.14
pAG,37_2hr,14_16,CAC,2,-7.3,0.33
pAG,37_2hr,14_16,CAG,4,-4.2,0.13
pAG,37_2hr,14_16,CAT,4,-4.2,0.095
pAG,37_2hr,14_16,CCA,2,-7.9,0.22
pAG,37_2hr,14_16,CCC,1,-14,0.36
pAG,37_2hr,14_16,CCG,2,-8,0.22
pAG,37_2hr,14_16,CCT,2,-7.9,0.24
pAG,37_2hr,14_16,CGA,4,-4.5,0.095
pAG,37_2hr,14_16,CGC,2,-7.4,0.17
pAG,37_2hr,14_16,CGG,4,-4.5,0.11
pAG,37_2hr,14_16,CGT,4,-4.5,0.08
pAG,37_2hr,14_16,CTA,4,-4.4,0.072
pAG,37_2hr,14_16,CTC,2,-7.6,0.2
pAG,37_2hr,14_16,CTG,4,-4.4,0.1
pAG,37_2hr,14_16,CTT,4,-4.4,0.1
pAG,37_2hr,14_16,GAA,5,-1.2,0.12
pAG,37_2hr,14_16,GAC,5,-3.5,0.13
pAG,37_2hr,14_16,GAG,5,-1.2,0.084
pAG,37_2hr,14_16,GAT,5,-1.2,0.095
pAG,37_2hr,14_16,GCA,4,-5.1,0.17
pAG,37_2hr,14_16,GCC,1,-9.6,0.19
pAG,37_2hr,14_16,GCG,3,-5.4,0.087
pAG,37_2hr,14_16,GCT,3,-5.3,0.12
pAG,37_2hr,14_16,GGA,5,-1.4,0.089
pAG,37_2hr,14_16,GGC,3,-5.4,0.1
pAG,37_2hr,14_16,GGG,5,-2,0.098
pAG,37_2hr,14_16,GGT,5,-1.9,0.094
pAG,37_2hr,14_16,GTA,5,-1.8,0.06
pAG,37_2hr,14_16,GTC,5,-3.6,0.11
pAG,37_2hr,14_16,GTG,5,-1.8,0.089
pAG,37_2hr,14_16,GTT,5,-1.8,0.072
pAG,37_2hr,14_16,TAA,5,-0.9,0.046
pAG,37_2hr,14_16,TAC,5,-3.5,0.098
pAG,37_2hr,14_16,TAG,5,-0.9,0.065
pAG,37_2hr,14_16,TAT,5,-0.9,0.056
pAG,37_2hr,14_16,TCA,5,-0.9,0.12
pAG,37_2hr,14_16,TCC,2,-7.3,0.38
pAG,37_2hr,14_16,TCG,5,-0.9,0.084
pAG,37_2hr,14_16,TCT,5,-2.5,0.097
pAG,37_2hr,14_16,TGA,5,-2.1,0.087
pAG,37_2hr,14_16,TGC,5,-3.5,0.1
pAG,37_2hr,14_16,TGG,5,-1.1,0.11
pAG,37_2hr,14_16,TGT,5,-0.9,0.058
pAG,37_2hr,14_16,TTA,5,-0.9,0.041
pAG,37_2hr,14_16,TTC,5,-3.6,0.097
pAG,37_2hr,14_16,TTG,5,-1.1,0.062
pAG,37_2hr,14_16,TTT,5,-0.9,0.072
pAG,37_2hr,17_19,AAA,2,-7.7,0.46
pAG,37_2hr,17_19,AAC,2,-7.1,0.27
pAG,37_2hr,17_19,AAG,1,-10,0.5
pAG,37_2hr,17_19,AAT,3,-5.8,0.21
pAG,37_2hr,17_19,ACA,2,-7.3,0.46
pAG,37_2hr,17_19,ACC,2,-6.2,0.22
pAG,37_2hr,17_19,ACG,1,-9.5,0.52
pAG,37_2hr,17_19,ACT,3,-5.8,0.2
pAG,37_2hr,17_19,AGA,1,-10,0.45
pAG,37_2hr,17_19,AGC,1,-9.6,0.19
pAG,37_2hr,17_19,AGG,1,-13,0.46
pAG,37_2hr,17_19,AGT,2,-6.1,0.19
pAG,37_2hr,17_19,ATA,2,-7.6,0.41
pAG,37_2hr,17_19,ATC,2,-5.9,0.13
pAG,37_2hr,17_19,ATG,1,-9.3,0.51
pAG,37_2hr,17_19,ATT,3,-5.8,0.1
pAG,37_2hr,17_19,CAA,2,-7.8,0.56
pAG,37_2hr,17_19,CAC,2,-7,0.39
pAG,37_2hr,17_19,CAG,1,-10,0.55
pAG,37_2hr,17_19,CAT,3,-5.8,0.26
pAG,37_2hr,17_19,CCA,2,-7.3,0.47
pAG,37_2hr,17_19,CCC,2,-5.9,0.28
pAG,37_2hr,17_19,CCG,1,-9.5,0.52
pAG,37_2hr,17_19,CCT,3,-5.8,0.22
pAG,37_2hr,17_19,CGA,1,-10,0.49
pAG,37_2hr,17_19,CGC,1,-9.2,0.21
pAG,37_2hr,17_19,CGG,1,-13,0.49
pAG,37_2hr,17_19,CGT,3,-5.8,0.17
pAG,37_2hr,17_19,CTA,2,-7.6,0.45
pAG,37_2hr,17_19,CTC,2,-5.9,0.21
pAG,37_2hr,17_19,CTG,1,-9.3,0.48
pAG,37_2hr,17_19,CTT,3,-5.8,0.14
pAG,37_2hr,17_19,GAA,1,-9,0.42
pAG,37_2hr,17_19,GAC,2,-8.2,0.19
pAG,37_2hr,17_19,GAG,1,-12,0.47
pAG,37_2hr,17_19,GAT,3,-5.8,0.14
pAG,37_2hr,17_19,GCA,2,-8.4,0.38
pAG,37_2hr,17_19,GCC,2,-7.2,0.099
pAG,37_2hr,17_19,GCG,1,-10,0.46
pAG,37_2hr,17_19,GCT,3,-5.8,0.077
pAG,37_2hr,17_19,GGA,1,-12,0.46
pAG,37_2hr,17_19,GGC,1,-11,0.2
pAG,37_2hr,17_19,GGG,1,-14,0.46
pAG,37_2hr,17_19,GGT,2,-7.4,0.19
pAG,37_2hr,17_19,GTA,2,-7.6,0.31
pAG,37_2hr,17_19,GTC,2,-5.9,0.07
pAG,37_2hr,17_19,GTG,1,-9.3,0.38
pAG,37_2hr,17_19,GTT,2,-6.4,0.057
pAG,37_2hr,17_19,TAA,2,-8.1,0.37
pAG,37_2hr,17_19,TAC,2,-7.3,0.096
pAG,37_2hr,17_19,TAG,1,-11,0.46
pAG,37_2hr,17_19,TAT,3,-5.8,0.083
pAG,37_2hr,17_19,TCA,2,-7.3,0.41
pAG,37_2hr,17_19,TCC,2,-5.9,0.15
pAG,37_2hr,17_19,TCG,1,-9.5,0.46
pAG,37_2hr,17_19,TCT,3,-5.8,0.12
pAG,37_2hr,17_19,TGA,1,-9.9,0.47
pAG,37_2hr,17_19,TGC,1,-9,0.12
pAG,37_2hr,17_19,TGG,1,-13,0.43
pAG,37_2hr,17_19,TGT,3,-5.8,0.14
pAG,37_2hr,17_19,TTA,2,-7.6,0.36
pAG,37_2hr,17_19,TTC,2,-5.9,0.14
pAG,37_2hr,17_19,TTG,1,-9.3,0.48
pAG,37_2hr,17_19,TTT,3,-5.8,0.13
pAG,37_2hr,4_6,AAA,2,-6.5,0.13
pAG,37_2hr,4_6,AAC,3,-5.6,0.13
pAG,37_2hr,4_6,AAG,1,-9,0.19
pAG,37_2hr,4_6,AAT,5,-2.1,0.056
pAG,37_2hr,4_6,ACA,2,-6.2,0.16
pAG,37_2hr,4_6,ACC,4,-4.7,0.15
pAG,37_2hr,4_6,ACG,2,-7.8,0.11
pAG,37_2hr,4_6,ACT,5,-2,0.072
pAG,37_2hr,4_6,AGA,1,-9.1,0.23
pAG,37_2hr,4_6,AGC,2,-8.1,0.12
pAG,37_2hr,4_6,AGG,1,-12,0.29
pAG,37_2hr,4_6,AGT,4,-4.6,0.081
pAG,37_2hr,4_6,ATA,5,-3.6,0.04
pAG,37_2hr,4_6,ATC,5,-2,0.076
pAG,37_2hr,4_6,ATG,3,-5.2,0.078
pAG,37_2hr,4_6,ATT,5,-2.8,0.061
pAG,37_2hr,4_6,CAA,2,-6.1,0.12
pAG,37_2hr,4_6,CAC,3,-5.3,0.16
pAG,37_2hr,4_6,CAG,2,-8.6,0.14
pAG,37_2hr,4_6,CAT,5,-1.6,0.069
pAG,37_2hr,4_6,CCA,5,-3.6,0.17
pAG,37_2hr,4_6,CCC,4,-4.7,0.16
pAG,37_2hr,4_6,CCG,3,-5.8,0.081
pAG,37_2hr,4_6,CCT,5,-2.4,0.091
pAG,37_2hr,4_6,CGA,2,-7.8,0.11
pAG,37_2hr,4_6,CGC,2,-6.9,0.093
pAG,37_2hr,4_6,CGG,1,-10,0.1
pAG,37_2hr,4_6,CGT,5,-3.3,0.064
pAG,37_2hr,4_6,CTA,5,-3.1,0.041
pAG,37_2hr,4_6,CTC,5,-2,0.072
pAG,37_2hr,4_6,CTG,3,-5.2,0.063
pAG,37_2hr,4_6,CTT,5,-1.5,0.055
pAG,37_2hr,4_6,GAA,1,-9,0.35
pAG,37_2hr,4_6,GAC,2,-8.2,0.16
pAG,37_2hr,4_6,GAG,1,-12,0.37
pAG,37_2hr,4_6,GAT,4,-4.7,0.085
pAG,37_2hr,4_6,GCA,2,-8.4,0.18
pAG,37_2hr,4_6,GCC,2,-7.2,0.14
pAG,37_2hr,4_6,GCG,1,-10,0.3
pAG,37_2hr,4_6,GCT,4,-4.7,0.084
pAG,37_2hr,4_6,GGA,1,-12,0.44
pAG,37_2hr,4_6,GGC,1,-11,0.17
pAG,37_2hr,4_6,GGG,1,-14,0.46
pAG,37_2hr,4_6,GGT,2,-7.3,0.3
pAG,37_2hr,4_6,GTA,3,-5.8,0.091
pAG,37_2hr,4_6,GTC,3,-5.4,0.093
pAG,37_2hr,4_6,GTG,2,-7.4,0.22
pAG,37_2hr,4_6,GTT,2,-6.4,0.088
pAG,37_2hr,4_6,TAA,5,-3.8,0.032
pAG,37_2hr,4_6,TAC,5,-3.2,0.041
pAG,37_2hr,4_6,TAG,2,-6.3,0.08
pAG,37_2hr,4_6,TAT,5,-1.5,0.041
pAG,37_2hr,4_6,TCA,5,-3.6,0.092
pAG,37_2hr,4_6,TCC,5,-2.1,0.079
pAG,37_2hr,4_6,TCG,3,-5.8,0.047
pAG,37_2hr,4_6,TCT,5,-1.5,0.059
pAG,37_2hr,4_6,TGA,3,-5.6,0.096
pAG,37_2hr,4_6,TGC,4,-4.9,0.07
pAG,37_2hr,4_6,TGG,2,-8.3,0.1
pAG,37_2hr,4_6,TGT,5,-1.5,0.055
pAG,37_2hr,4_6,TTA,5,-3.1,0.027
pAG,37_2hr,4_6,TTC,5,-2,0.052
pAG,37_2hr,4_6,TTG,2,-6,0.048
pAG,37_2hr,4_6,TTT,5,-1.5,0.043
