tada_type,boxb_10_rc,boxb_8_rc,mean_percent,comparison,boxb_7_rc,boxb_13_rc
gfpnb,A,A,6,pos_8_vs_10,NA,NA
gfpnb,A,C,7.5,pos_8_vs_10,NA,NA
gfpnb,A,G,27,pos_8_vs_10,NA,NA
gfpnb,A,T,6.3,pos_8_vs_10,NA,NA
gfpnb,C,A,6.2,pos_8_vs_10,NA,NA
gfpnb,C,C,6,pos_8_vs_10,NA,NA
gfpnb,C,G,9.3,pos_8_vs_10,NA,NA
gfpnb,C,T,7.2,pos_8_vs_10,NA,NA
gfpnb,G,A,7.1,pos_8_vs_10,NA,NA
gfpnb,G,C,7.3,pos_8_vs_10,NA,NA
gfpnb,G,G,22,pos_8_vs_10,NA,NA
gfpnb,G,T,7,pos_8_vs_10,NA,NA
gfpnb,T,A,6.7,pos_8_vs_10,NA,NA
gfpnb,T,C,6.3,pos_8_vs_10,NA,NA
gfpnb,T,G,7.9,pos_8_vs_10,NA,NA
gfpnb,T,T,8,pos_8_vs_10,NA,NA
pAG,A,A,6.2,pos_8_vs_10,NA,NA
pAG,A,C,8,pos_8_vs_10,NA,NA
pAG,A,G,32,pos_8_vs_10,NA,NA
pAG,A,T,7.3,pos_8_vs_10,NA,NA
pAG,C,A,7.6,pos_8_vs_10,NA,NA
pAG,C,C,7.2,pos_8_vs_10,NA,NA
pAG,C,G,11,pos_8_vs_10,NA,NA
pAG,C,T,6.6,pos_8_vs_10,NA,NA
pAG,G,A,10,pos_8_vs_10,NA,NA
pAG,G,C,8.5,pos_8_vs_10,NA,NA
pAG,G,G,25,pos_8_vs_10,NA,NA
pAG,G,T,10,pos_8_vs_10,NA,NA
pAG,T,A,8,pos_8_vs_10,NA,NA
pAG,T,C,11,pos_8_vs_10,NA,NA
pAG,T,G,7.5,pos_8_vs_10,NA,NA
pAG,T,T,6.7,pos_8_vs_10,NA,NA
gfpnb,NA,NA,7.3,pos_7_vs_13,A,A
gfpnb,NA,NA,7.1,pos_7_vs_13,C,A
gfpnb,NA,NA,6.1,pos_7_vs_13,G,A
gfpnb,NA,NA,28,pos_7_vs_13,T,A
pAG,NA,NA,8.8,pos_7_vs_13,A,A
pAG,NA,NA,10,pos_7_vs_13,C,A
pAG,NA,NA,9.6,pos_7_vs_13,G,A
pAG,NA,NA,31,pos_7_vs_13,T,A
