tada_type,variable_subpos,insert,gnra,fraction_edited
pAG,10_13,TTAT,TRUE,0.14
pAG,10_13,TCTT,FALSE,0.21
pAG,10_13,TGAT,FALSE,0.1
pAG,10_13,TCCT,FALSE,0.25
pAG,10_13,TCAT,FALSE,0.12
pAG,10_13,TGTT,FALSE,0.2
pAG,10_13,TAGT,FALSE,0.16
pAG,10_13,TACT,FALSE,0.19
pAG,10_13,TTTT,TRUE,0.33
pAG,10_13,TGCT,FALSE,0.26
pAG,10_13,TTGT,TRUE,0.13
pAG,10_13,TCGT,FALSE,0.16
pAG,10_13,TATT,FALSE,0.24
pAG,10_13,TGGT,FALSE,0.13
pAG,10_13,TTCT,TRUE,0.3
pAG,10_13,TAAT,FALSE,0.099
pAG,10_13,TCCT,FALSE,0.15
pAG,10_13,TCGT,FALSE,0.18
pAG,10_13,TCAT,FALSE,0.13
pAG,10_13,TAGT,FALSE,0.15
pAG,10_13,TTTT,TRUE,0.28
pAG,10_13,TGGT,FALSE,0.12
pAG,10_13,TAAT,FALSE,0.081
pAG,10_13,TGTT,FALSE,0.24
pAG,10_13,TACT,FALSE,0.21
pAG,10_13,TTAT,TRUE,0.12
pAG,10_13,TGAT,FALSE,0.12
pAG,10_13,TCTT,FALSE,0.21
pAG,10_13,TTGT,TRUE,0.12
pAG,10_13,TGCT,FALSE,0.25
pAG,10_13,TATT,FALSE,0.21
pAG,10_13,TTCT,TRUE,0.15
pAG,10_13,TTTT,TRUE,0.26
pAG,10_13,TTGT,TRUE,0.092
pAG,10_13,TTAT,TRUE,0.068
pAG,10_13,TGCT,FALSE,0.25
pAG,10_13,TGGT,FALSE,0.14
pAG,10_13,TGTT,FALSE,0.22
pAG,10_13,TGAT,FALSE,0.083
pAG,10_13,TAGT,FALSE,0.11
pAG,10_13,TATT,FALSE,0.22
pAG,10_13,TCTT,FALSE,0.24
pAG,10_13,TTCT,TRUE,0.27
pAG,10_13,TCGT,FALSE,0.11
pAG,10_13,TCCT,FALSE,0.27
pAG,10_13,TAAT,FALSE,0.072
pAG,10_13,TCAT,FALSE,0.13
pAG,10_13,TACT,FALSE,0.18
pAG,10_13,TAGT,FALSE,0.064
pAG,10_13,TATT,FALSE,0.2
pAG,10_13,TGTT,FALSE,0.17
pAG,10_13,TTTT,TRUE,0.19
pAG,10_13,TCGT,FALSE,0.068
pAG,10_13,TCCT,FALSE,0.19
pAG,10_13,TTAT,TRUE,0.04
pAG,10_13,TGGT,FALSE,0.073
pAG,10_13,TACT,FALSE,0.14
pAG,10_13,TTCT,TRUE,0.2
pAG,10_13,TAAT,FALSE,0.054
pAG,10_13,TGCT,FALSE,0.16
pAG,10_13,TCTT,FALSE,0.19
pAG,10_13,TTGT,TRUE,0.055
pAG,10_13,TCAT,FALSE,0.064
pAG,10_13,TGAT,FALSE,0.058
gfpnb,10_13,TGCT,FALSE,0.13
gfpnb,10_13,TGAT,FALSE,0.081
gfpnb,10_13,TACT,FALSE,0.17
gfpnb,10_13,TAGT,FALSE,0.098
gfpnb,10_13,TCCT,FALSE,0.14
gfpnb,10_13,TTCT,TRUE,0.19
gfpnb,10_13,TGTT,FALSE,0.16
gfpnb,10_13,TCTT,FALSE,0.16
gfpnb,10_13,TTAT,TRUE,0.072
gfpnb,10_13,TCGT,FALSE,0.056
gfpnb,10_13,TGGT,FALSE,0.1
gfpnb,10_13,TTTT,TRUE,0.2
gfpnb,10_13,TCAT,FALSE,0.068
gfpnb,10_13,TATT,FALSE,0.17
gfpnb,10_13,TTGT,TRUE,0.087
gfpnb,10_13,TAAT,FALSE,0.089
gfpnb,10_13,TTCT,TRUE,0.11
gfpnb,10_13,TGCT,FALSE,0.16
gfpnb,10_13,TGTT,FALSE,0.2
gfpnb,10_13,TTGT,TRUE,0.091
gfpnb,10_13,TGGT,FALSE,0.069
gfpnb,10_13,TCGT,FALSE,0.095
gfpnb,10_13,TTAT,TRUE,0.077
gfpnb,10_13,TCCT,FALSE,0.08
gfpnb,10_13,TATT,FALSE,0.16
gfpnb,10_13,TAGT,FALSE,0.11
gfpnb,10_13,TTTT,TRUE,0.18
gfpnb,10_13,TGAT,FALSE,0.092
gfpnb,10_13,TCTT,FALSE,0.18
gfpnb,10_13,TACT,FALSE,0.12
gfpnb,10_13,TCAT,FALSE,0.093
gfpnb,10_13,TAAT,FALSE,0.092
gfpnb,10_13,TAGT,FALSE,0.091
gfpnb,10_13,TTTT,TRUE,0.2
gfpnb,10_13,TGGT,FALSE,0.094
gfpnb,10_13,TCTT,FALSE,0.19
gfpnb,10_13,TGTT,FALSE,0.17
gfpnb,10_13,TTGT,TRUE,0.065
gfpnb,10_13,TGAT,FALSE,0.067
gfpnb,10_13,TCGT,FALSE,0.075
gfpnb,10_13,TCAT,FALSE,0.093
gfpnb,10_13,TCCT,FALSE,0.22
gfpnb,10_13,TGCT,FALSE,0.19
gfpnb,10_13,TTCT,TRUE,0.21
gfpnb,10_13,TATT,FALSE,0.2
gfpnb,10_13,TACT,FALSE,0.21
gfpnb,10_13,TAAT,FALSE,0.081
gfpnb,10_13,TTAT,TRUE,0.062
gfpnb,10_13,TCCT,FALSE,0.15
gfpnb,10_13,TTGT,TRUE,0.038
gfpnb,10_13,TCGT,FALSE,0.046
gfpnb,10_13,TGTT,FALSE,0.12
gfpnb,10_13,TGAT,FALSE,0.047
gfpnb,10_13,TTCT,TRUE,0.13
gfpnb,10_13,TGGT,FALSE,0.045
gfpnb,10_13,TTTT,TRUE,0.13
gfpnb,10_13,TGCT,FALSE,0.12
gfpnb,10_13,TATT,FALSE,0.1
gfpnb,10_13,TAAT,FALSE,0.037
gfpnb,10_13,TCTT,FALSE,0.15
gfpnb,10_13,TAGT,FALSE,0.047
gfpnb,10_13,TCAT,FALSE,0.043
gfpnb,10_13,TTAT,TRUE,0.029
gfpnb,10_13,TACT,FALSE,0.12
pAG,7_10,GTTA,FALSE,0.045
pAG,7_10,TTTA,FALSE,0.051
pAG,7_10,TTCA,TRUE,0.26
pAG,7_10,CTTA,FALSE,0.079
pAG,7_10,TTTA,FALSE,0.054
pAG,7_10,CGTA,FALSE,0.085
pAG,7_10,TTTA,FALSE,0.074
pAG,7_10,TTCA,TRUE,0.29
pAG,7_10,CATA,FALSE,0.12
pAG,7_10,CTGA,FALSE,0.063
pAG,7_10,CTTA,FALSE,0.064
pAG,7_10,GTTA,FALSE,0.049
pAG,7_10,ATTA,FALSE,0.024
gfpnb,7_10,CTTA,FALSE,0.04
gfpnb,7_10,GCAA,FALSE,0.054
gfpnb,7_10,TGTA,FALSE,0.029
gfpnb,7_10,TAGA,FALSE,0.036
gfpnb,7_10,GGTA,FALSE,0.046
gfpnb,7_10,TCTA,FALSE,0.042
gfpnb,7_10,TTGA,FALSE,0.03
gfpnb,7_10,TCAA,FALSE,0.014
gfpnb,7_10,TGGA,FALSE,0.032
gfpnb,7_10,TTAA,FALSE,0.052
gfpnb,7_10,TAAA,FALSE,0.044
gfpnb,7_10,TGCA,TRUE,0.15
gfpnb,7_10,TGAA,FALSE,0.033
gfpnb,7_10,GGGA,FALSE,0.041
gfpnb,7_10,GATA,FALSE,0.037
gfpnb,7_10,GTCA,FALSE,0.042
gfpnb,7_10,ATTA,FALSE,0.049
gfpnb,7_10,TTTA,FALSE,0.034
gfpnb,7_10,TATA,FALSE,0.03
gfpnb,7_10,GTTA,FALSE,0.032
gfpnb,7_10,TTCA,TRUE,0.39
gfpnb,7_10,GCTA,FALSE,0.023
gfpnb,7_10,AGTA,FALSE,0.045
gfpnb,7_10,GTGA,FALSE,0.034
gfpnb,7_10,CGGA,FALSE,0.06
gfpnb,7_10,TGGA,FALSE,0.072
gfpnb,7_10,GTTA,FALSE,0.056
gfpnb,7_10,TGTA,FALSE,0.045
gfpnb,7_10,TTGA,FALSE,0.065
gfpnb,7_10,TTAA,FALSE,0.076
gfpnb,7_10,TATA,FALSE,0.055
gfpnb,7_10,CGAA,FALSE,0.069
gfpnb,7_10,CTCA,TRUE,0.16
gfpnb,7_10,CTGA,FALSE,0.072
gfpnb,7_10,TCTA,FALSE,0.045
gfpnb,7_10,GGTA,FALSE,0.051
gfpnb,7_10,TTTA,FALSE,0.07
gfpnb,7_10,CGCA,TRUE,0.12
gfpnb,7_10,ATTA,FALSE,0.077
gfpnb,7_10,CGTA,FALSE,0.078
gfpnb,7_10,CATA,FALSE,0.07
gfpnb,7_10,CTTA,FALSE,0.073
gfpnb,7_10,CTAA,FALSE,0.063
gfpnb,7_10,TTCA,TRUE,0.17
gfpnb,7_10,TTTA,FALSE,0.062
gfpnb,7_10,GTCA,FALSE,0.068
gfpnb,7_10,GATA,FALSE,0.027
gfpnb,7_10,TGTA,FALSE,0.022
gfpnb,7_10,TTCA,TRUE,0.23
gfpnb,7_10,CTGA,FALSE,0.027
gfpnb,7_10,CGCA,TRUE,0.051
gfpnb,7_10,CCTA,FALSE,0.04
gfpnb,7_10,GCTA,FALSE,0.041
gfpnb,7_10,CTTA,FALSE,0.038
gfpnb,7_10,ACTA,FALSE,0.025
gfpnb,7_10,GGCA,FALSE,0.04
gfpnb,7_10,GGTA,FALSE,0.04
gfpnb,7_10,TGGA,FALSE,0.037
gfpnb,7_10,CGTA,FALSE,0.028
gfpnb,7_10,TATA,FALSE,0.026
gfpnb,7_10,GGAA,FALSE,0.034
gfpnb,7_10,CACA,TRUE,0.11
gfpnb,7_10,AGTA,FALSE,0.044
gfpnb,7_10,TTGA,FALSE,0.037
gfpnb,7_10,CTCA,TRUE,0.21
gfpnb,7_10,CCGA,FALSE,0.049
gfpnb,7_10,TCTA,FALSE,0.034
gfpnb,7_10,TTAA,FALSE,0.016
gfpnb,7_10,CATA,FALSE,0.021
gfpnb,7_10,GTGA,FALSE,0.033
gfpnb,7_10,GTTA,FALSE,0.026
gfpnb,7_10,ATAA,FALSE,0.039
gfpnb,7_10,TAAA,FALSE,0.017
gfpnb,7_10,TACA,TRUE,0.22
gfpnb,7_10,CCAA,FALSE,0.036
gfpnb,7_10,ATTA,FALSE,0.036
gfpnb,7_10,CAAA,FALSE,0.047
gfpnb,7_10,TTTA,FALSE,0.036
gfpnb,7_10,CGGA,FALSE,0.034
gfpnb,7_10,TAGA,FALSE,0.012
gfpnb,7_10,CAGA,FALSE,0.034
gfpnb,7_10,GCAA,FALSE,0.054
gfpnb,7_10,TGAA,FALSE,0.039
gfpnb,7_10,CTAA,FALSE,0.04
gfpnb,7_10,GGGA,FALSE,0.047
gfpnb,7_10,CGAA,FALSE,0.027
gfpnb,7_10,ATGA,FALSE,0.018
