tada_type,tada_conc,edit_type,insert_type,mean,se
gfpnb,250nM,frac_1edit,mut,5.4,0.7
gfpnb,250nM,frac_1edit,wt,1.8,0.43
gfpnb,250nM,frac_2edit,mut,1.3,0.42
gfpnb,250nM,frac_2edit,wt,0.32,0.086
lambdaN,250nM,frac_1edit,mut,3.8,0.59
lambdaN,250nM,frac_1edit,wt,2.2,0.48
lambdaN,250nM,frac_2edit,mut,1.2,0.46
lambdaN,250nM,frac_2edit,wt,0.33,0.092
pAG,250nM,frac_1edit,mut,7.9,1.2
pAG,250nM,frac_1edit,wt,2.4,0.6
pAG,250nM,frac_2edit,mut,2.8,0.78
pAG,250nM,frac_2edit,wt,0.62,0.37
tada_only,250nM,frac_1edit,mut,11,1.1
tada_only,250nM,frac_1edit,wt,7.7,1.2
tada_only,250nM,frac_2edit,mut,7.3,1.5
tada_only,250nM,frac_2edit,wt,6.8,1.9
