sample_id,position_id,rna_context,n_variants,minimum_umis,median_umis,maximum_umis,total_umis,total_edited_umis,n_at_or_below_legacy_umi_cutoff,pooled_fraction_central_a_edited,tada_type,tada_conc,condition,target_pos_to_boxb,target_dist,variable_type,variable_subpos,insert_fiveprime_index,insert_threeprime_index,enzyme_label,panel_order,point_color,position_order,marker,reference_context,editing_column,oligo_name
i79_p3,A2,AAA,64,37,83.0,212,6120,59,5,0.009640522875816994,lambdaN,250nM,37_2hr,5,10,target,5,5,4,TadA–λN,0,#AA4499,0,o,UAG,pos_7_C,spacer5_10_target_random_5
i79_p3,A2,AAC,64,50,98.5,207,6754,63,1,0.009327805744743855,lambdaN,250nM,37_2hr,5,10,target,5,5,4,TadA–λN,0,#AA4499,0,o,UAG,pos_7_C,spacer5_10_target_random_5
i79_p3,A2,AAG,64,29,69.0,147,4635,42,9,0.009061488673139158,lambdaN,250nM,37_2hr,5,10,target,5,5,4,TadA–λN,0,#AA4499,0,o,UAG,pos_7_C,spacer5_10_target_random_5
i79_p3,A2,AAU,64,29,65.0,143,4515,106,15,0.023477297895902548,lambdaN,250nM,37_2hr,5,10,target,5,5,4,TadA–λN,0,#AA4499,0,o,UAG,pos_7_C,spacer5_10_target_random_5
i79_p3,A2,CAA,64,60,116.5,296,8550,139,0,0.016257309941520467,lambdaN,250nM,37_2hr,5,10,target,5,5,4,TadA–λN,0,#AA4499,0,o,UAG,pos_7_C,spacer5_10_target_random_5
i79_p3,A2,CAC,64,47,121.0,280,8131,60,1,0.007379166154224573,lambdaN,250nM,37_2hr,5,10,target,5,5,4,TadA–λN,0,#AA4499,0,o,UAG,pos_7_C,spacer5_10_target_random_5
i79_p3,A2,CAG,64,36,85.0,169,5697,54,5,0.009478672985781991,lambdaN,250nM,37_2hr,5,10,target,5,5,4,TadA–λN,0,#AA4499,0,o,UAG,pos_7_C,spacer5_10_target_random_5
i79_p3,A2,CAU,64,34,88.5,201,6126,239,4,0.03901403852432256,lambdaN,250nM,37_2hr,5,10,target,5,5,4,TadA–λN,0,#AA4499,0,o,UAG,pos_7_C,spacer5_10_target_random_5
i79_p3,A2,GAA,64,37,79.5,162,5483,153,6,0.027904431880357468,lambdaN,250nM,37_2hr,5,10,target,5,5,4,TadA–λN,0,#AA4499,0,o,UAG,pos_7_C,spacer5_10_target_random_5
i79_p3,A2,GAC,64,38,77.5,138,5088,132,9,0.025943396226415096,lambdaN,250nM,37_2hr,5,10,target,5,5,4,TadA–λN,0,#AA4499,0,o,UAG,pos_7_C,spacer5_10_target_random_5
i79_p3,A2,GAG,64,17,51.5,104,3476,98,30,0.02819332566168009,lambdaN,250nM,37_2hr,5,10,target,5,5,4,TadA–λN,0,#AA4499,0,o,UAG,pos_7_C,spacer5_10_target_random_5
i79_p3,A2,GAU,64,25,63.5,116,4212,307,16,0.07288698955365622,lambdaN,250nM,37_2hr,5,10,target,5,5,4,TadA–λN,0,#AA4499,0,o,UAG,pos_7_C,spacer5_10_target_random_5
i79_p3,A2,UAA,64,30,77.0,178,5399,620,11,0.1148360807556955,lambdaN,250nM,37_2hr,5,10,target,5,5,4,TadA–λN,0,#AA4499,0,o,UAG,pos_7_C,spacer5_10_target_random_5
i79_p3,A2,UAC,64,38,80.0,164,5411,516,6,0.09536130105340972,lambdaN,250nM,37_2hr,5,10,target,5,5,4,TadA–λN,0,#AA4499,0,o,UAG,pos_7_C,spacer5_10_target_random_5
i79_p3,A2,UAG,64,26,54.5,392,4090,347,23,0.08484107579462102,lambdaN,250nM,37_2hr,5,10,target,5,5,4,TadA–λN,0,#AA4499,0,o,UAG,pos_7_C,spacer5_10_target_random_5
i79_p3,A2,UAU,64,26,52.0,111,3681,741,30,0.2013039934800326,lambdaN,250nM,37_2hr,5,10,target,5,5,4,TadA–λN,0,#AA4499,0,o,UAG,pos_7_C,spacer5_10_target_random_5
i79_p3,A8,AAA,64,27,87.0,211,6322,60,3,0.009490667510281556,lambdaN,250nM,37_2hr,5,10,target,5,2,1,TadA–λN,0,#AA4499,1,s,UAC,pos_4_C,spacer5_10_target_random_5
i79_p3,A8,AAC,64,47,102.0,237,6957,177,2,0.02544200086244071,lambdaN,250nM,37_2hr,5,10,target,5,2,1,TadA–λN,0,#AA4499,1,s,UAC,pos_4_C,spacer5_10_target_random_5
i79_p3,A8,AAG,64,31,64.5,146,4490,27,18,0.0060133630289532294,lambdaN,250nM,37_2hr,5,10,target,5,2,1,TadA–λN,0,#AA4499,1,s,UAC,pos_4_C,spacer5_10_target_random_5
i79_p3,A8,AAU,64,28,68.5,187,4936,81,13,0.016410048622366287,lambdaN,250nM,37_2hr,5,10,target,5,2,1,TadA–λN,0,#AA4499,1,s,UAC,pos_4_C,spacer5_10_target_random_5
i79_p3,A8,CAA,64,46,115.5,212,7602,94,1,0.012365167061299658,lambdaN,250nM,37_2hr,5,10,target,5,2,1,TadA–λN,0,#AA4499,1,s,UAC,pos_4_C,spacer5_10_target_random_5
i79_p3,A8,CAC,64,47,133.5,296,8898,149,1,0.01674533603056867,lambdaN,250nM,37_2hr,5,10,target,5,2,1,TadA–λN,0,#AA4499,1,s,UAC,pos_4_C,spacer5_10_target_random_5
i79_p3,A8,CAG,64,28,76.5,156,5030,19,9,0.0037773359840954273,lambdaN,250nM,37_2hr,5,10,target,5,2,1,TadA–λN,0,#AA4499,1,s,UAC,pos_4_C,spacer5_10_target_random_5
i79_p3,A8,CAU,64,45,91.5,206,6474,102,2,0.015755329008341055,lambdaN,250nM,37_2hr,5,10,target,5,2,1,TadA–λN,0,#AA4499,1,s,UAC,pos_4_C,spacer5_10_target_random_5
i79_p3,A8,GAA,64,30,75.0,132,4885,31,6,0.006345957011258956,lambdaN,250nM,37_2hr,5,10,target,5,2,1,TadA–λN,0,#AA4499,1,s,UAC,pos_4_C,spacer5_10_target_random_5
i79_p3,A8,GAC,64,26,75.0,137,4746,100,12,0.02107037505267594,lambdaN,250nM,37_2hr,5,10,target,5,2,1,TadA–λN,0,#AA4499,1,s,UAC,pos_4_C,spacer5_10_target_random_5
i79_p3,A8,GAG,64,17,50.0,87,3233,17,34,0.005258274048871018,lambdaN,250nM,37_2hr,5,10,target,5,2,1,TadA–λN,0,#AA4499,1,s,UAC,pos_4_C,spacer5_10_target_random_5
i79_p3,A8,GAU,64,25,62.5,115,3973,63,19,0.015857034986156558,lambdaN,250nM,37_2hr,5,10,target,5,2,1,TadA–λN,0,#AA4499,1,s,UAC,pos_4_C,spacer5_10_target_random_5
i79_p3,A8,UAA,64,29,80.5,184,5455,610,7,0.11182401466544455,lambdaN,250nM,37_2hr,5,10,target,5,2,1,TadA–λN,0,#AA4499,1,s,UAC,pos_4_C,spacer5_10_target_random_5
i79_p3,A8,UAC,64,37,84.5,392,6333,820,3,0.1294804989736302,lambdaN,250nM,37_2hr,5,10,target,5,2,1,TadA–λN,0,#AA4499,1,s,UAC,pos_4_C,spacer5_10_target_random_5
i79_p3,A8,UAG,64,26,56.0,109,3795,244,24,0.06429512516469038,lambdaN,250nM,37_2hr,5,10,target,5,2,1,TadA–λN,0,#AA4499,1,s,UAC,pos_4_C,spacer5_10_target_random_5
i79_p3,A8,UAU,64,25,64.0,135,4239,639,17,0.15074309978768577,lambdaN,250nM,37_2hr,5,10,target,5,2,1,TadA–λN,0,#AA4499,1,s,UAC,pos_4_C,spacer5_10_target_random_5
i79_p3,A10,AAA,64,14,56.5,150,3999,128,27,0.03200800200050013,lambdaN,250nM,37_2hr,5,10,target,3,5,4,TadA–λN,0,#AA4499,2,^,CAC,pos_3_C,spacer5_10_target_random_3
i79_p3,A10,AAC,64,18,73.0,154,4790,98,10,0.02045929018789144,lambdaN,250nM,37_2hr,5,10,target,3,5,4,TadA–λN,0,#AA4499,2,^,CAC,pos_3_C,spacer5_10_target_random_3
i79_p3,A10,AAG,64,9,43.0,106,3049,84,38,0.027550016398819287,lambdaN,250nM,37_2hr,5,10,target,3,5,4,TadA–λN,0,#AA4499,2,^,CAC,pos_3_C,spacer5_10_target_random_3
i79_p3,A10,AAU,64,19,48.5,127,3265,223,35,0.06830015313935682,lambdaN,250nM,37_2hr,5,10,target,3,5,4,TadA–λN,0,#AA4499,2,^,CAC,pos_3_C,spacer5_10_target_random_3
i79_p3,A10,CAA,64,14,73.5,169,5296,154,10,0.0290785498489426,lambdaN,250nM,37_2hr,5,10,target,3,5,4,TadA–λN,0,#AA4499,2,^,CAC,pos_3_C,spacer5_10_target_random_3
i79_p3,A10,CAC,64,37,77.5,177,5485,128,8,0.02333637192342753,lambdaN,250nM,37_2hr,5,10,target,3,5,4,TadA–λN,0,#AA4499,2,^,CAC,pos_3_C,spacer5_10_target_random_3
i79_p3,A10,CAG,64,13,48.0,109,3119,100,36,0.032061558191728116,lambdaN,250nM,37_2hr,5,10,target,3,5,4,TadA–λN,0,#AA4499,2,^,CAC,pos_3_C,spacer5_10_target_random_3
i79_p3,A10,CAU,64,21,58.5,113,3966,307,20,0.07740796772566819,lambdaN,250nM,37_2hr,5,10,target,3,5,4,TadA–λN,0,#AA4499,2,^,CAC,pos_3_C,spacer5_10_target_random_3
i79_p3,A10,GAA,64,6,43.0,110,2857,52,45,0.018200910045502276,lambdaN,250nM,37_2hr,5,10,target,3,5,4,TadA–λN,0,#AA4499,2,^,CAC,pos_3_C,spacer5_10_target_random_3
i79_p3,A10,GAC,64,13,44.0,93,3056,85,40,0.027814136125654452,lambdaN,250nM,37_2hr,5,10,target,3,5,4,TadA–λN,0,#AA4499,2,^,CAC,pos_3_C,spacer5_10_target_random_3
i79_p3,A10,GAG,64,4,25.0,64,1786,32,60,0.01791713325867861,lambdaN,250nM,37_2hr,5,10,target,3,5,4,TadA–λN,0,#AA4499,2,^,CAC,pos_3_C,spacer5_10_target_random_3
i79_p3,A10,GAU,64,8,33.5,72,2289,139,53,0.06072520751419834,lambdaN,250nM,37_2hr,5,10,target,3,5,4,TadA–λN,0,#AA4499,2,^,CAC,pos_3_C,spacer5_10_target_random_3
i79_p3,A10,UAA,64,12,45.5,123,3147,783,36,0.24880838894184937,lambdaN,250nM,37_2hr,5,10,target,3,5,4,TadA–λN,0,#AA4499,2,^,CAC,pos_3_C,spacer5_10_target_random_3
i79_p3,A10,UAC,64,20,54.0,114,3661,847,29,0.23135755258126195,lambdaN,250nM,37_2hr,5,10,target,3,5,4,TadA–λN,0,#AA4499,2,^,CAC,pos_3_C,spacer5_10_target_random_3
i79_p3,A10,UAG,64,2,31.0,76,2164,545,54,0.25184842883548986,lambdaN,250nM,37_2hr,5,10,target,3,5,4,TadA–λN,0,#AA4499,2,^,CAC,pos_3_C,spacer5_10_target_random_3
i79_p3,A10,UAU,64,13,36.0,85,2521,1030,52,0.4085680285600952,lambdaN,250nM,37_2hr,5,10,target,3,5,4,TadA–λN,0,#AA4499,2,^,CAC,pos_3_C,spacer5_10_target_random_3
i79_p3,A13,AAA,64,14,51.5,156,3648,56,31,0.015350877192982455,lambdaN,250nM,37_2hr,5,10,target,3,3,2,TadA–λN,0,#AA4499,3,D,CAU,pos_2_C,spacer5_10_target_random_3
i79_p3,A13,AAC,64,32,74.0,169,5076,40,14,0.007880220646178092,lambdaN,250nM,37_2hr,5,10,target,3,3,2,TadA–λN,0,#AA4499,3,D,CAU,pos_2_C,spacer5_10_target_random_3
i79_p3,A13,AAG,64,13,35.5,103,2577,28,50,0.01086534730306558,lambdaN,250nM,37_2hr,5,10,target,3,3,2,TadA–λN,0,#AA4499,3,D,CAU,pos_2_C,spacer5_10_target_random_3
i79_p3,A13,AAU,64,20,49.5,123,3345,87,34,0.02600896860986547,lambdaN,250nM,37_2hr,5,10,target,3,3,2,TadA–λN,0,#AA4499,3,D,CAU,pos_2_C,spacer5_10_target_random_3
i79_p3,A13,CAA,64,32,73.0,169,4871,66,14,0.013549579141859988,lambdaN,250nM,37_2hr,5,10,target,3,3,2,TadA–λN,0,#AA4499,3,D,CAU,pos_2_C,spacer5_10_target_random_3
i79_p3,A13,CAC,64,26,82.0,154,5567,43,4,0.007724088377941441,lambdaN,250nM,37_2hr,5,10,target,3,3,2,TadA–λN,0,#AA4499,3,D,CAU,pos_2_C,spacer5_10_target_random_3
i79_p3,A13,CAG,64,2,40.0,78,2556,29,46,0.01134585289514867,lambdaN,250nM,37_2hr,5,10,target,3,3,2,TadA–λN,0,#AA4499,3,D,CAU,pos_2_C,spacer5_10_target_random_3
i79_p3,A13,CAU,64,24,64.0,177,4158,107,21,0.025733525733525733,lambdaN,250nM,37_2hr,5,10,target,3,3,2,TadA–λN,0,#AA4499,3,D,CAU,pos_2_C,spacer5_10_target_random_3
i79_p3,A13,GAA,64,15,45.0,105,3101,75,37,0.02418574653337633,lambdaN,250nM,37_2hr,5,10,target,3,3,2,TadA–λN,0,#AA4499,3,D,CAU,pos_2_C,spacer5_10_target_random_3
i79_p3,A13,GAC,64,18,53.0,88,3325,77,28,0.023157894736842106,lambdaN,250nM,37_2hr,5,10,target,3,3,2,TadA–λN,0,#AA4499,3,D,CAU,pos_2_C,spacer5_10_target_random_3
i79_p3,A13,GAG,64,8,27.0,62,1841,26,62,0.014122759369907659,lambdaN,250nM,37_2hr,5,10,target,3,3,2,TadA–λN,0,#AA4499,3,D,CAU,pos_2_C,spacer5_10_target_random_3
i79_p3,A13,GAU,64,12,38.0,74,2506,150,45,0.05985634477254589,lambdaN,250nM,37_2hr,5,10,target,3,3,2,TadA–λN,0,#AA4499,3,D,CAU,pos_2_C,spacer5_10_target_random_3
i79_p3,A13,UAA,64,19,44.5,130,3136,372,41,0.11862244897959184,lambdaN,250nM,37_2hr,5,10,target,3,3,2,TadA–λN,0,#AA4499,3,D,CAU,pos_2_C,spacer5_10_target_random_3
i79_p3,A13,UAC,64,16,58.5,131,3934,392,23,0.099644128113879,lambdaN,250nM,37_2hr,5,10,target,3,3,2,TadA–λN,0,#AA4499,3,D,CAU,pos_2_C,spacer5_10_target_random_3
i79_p3,A13,UAG,64,7,29.0,64,2110,213,56,0.1009478672985782,lambdaN,250nM,37_2hr,5,10,target,3,3,2,TadA–λN,0,#AA4499,3,D,CAU,pos_2_C,spacer5_10_target_random_3
i79_p3,A13,UAU,64,18,38.0,110,2699,678,47,0.25120414968506855,lambdaN,250nM,37_2hr,5,10,target,3,3,2,TadA–λN,0,#AA4499,3,D,CAU,pos_2_C,spacer5_10_target_random_3
i79_p8,A2,AAA,64,31,79.5,180,5388,39,10,0.007238307349665924,tada_only,250nM,37_2hr,5,10,target,5,5,4,TadA8.20,1,#117733,0,o,UAG,pos_7_C,spacer5_10_target_random_5
i79_p8,A2,AAC,64,35,87.5,174,5686,42,2,0.007386563489271896,tada_only,250nM,37_2hr,5,10,target,5,5,4,TadA8.20,1,#117733,0,o,UAG,pos_7_C,spacer5_10_target_random_5
i79_p8,A2,AAG,64,25,60.0,125,3995,38,24,0.00951188986232791,tada_only,250nM,37_2hr,5,10,target,5,5,4,TadA8.20,1,#117733,0,o,UAG,pos_7_C,spacer5_10_target_random_5
i79_p8,A2,AAU,64,24,56.0,123,3796,84,23,0.022128556375131718,tada_only,250nM,37_2hr,5,10,target,5,5,4,TadA8.20,1,#117733,0,o,UAG,pos_7_C,spacer5_10_target_random_5
i79_p8,A2,CAA,64,48,100.0,257,7253,145,1,0.019991727561009236,tada_only,250nM,37_2hr,5,10,target,5,5,4,TadA8.20,1,#117733,0,o,UAG,pos_7_C,spacer5_10_target_random_5
i79_p8,A2,CAC,64,43,101.5,211,7084,121,1,0.017080745341614908,tada_only,250nM,37_2hr,5,10,target,5,5,4,TadA8.20,1,#117733,0,o,UAG,pos_7_C,spacer5_10_target_random_5
i79_p8,A2,CAG,64,25,73.5,145,4875,100,10,0.020512820512820513,tada_only,250nM,37_2hr,5,10,target,5,5,4,TadA8.20,1,#117733,0,o,UAG,pos_7_C,spacer5_10_target_random_5
i79_p8,A2,CAU,64,35,76.0,168,5142,227,10,0.044146246596654996,tada_only,250nM,37_2hr,5,10,target,5,5,4,TadA8.20,1,#117733,0,o,UAG,pos_7_C,spacer5_10_target_random_5
i79_p8,A2,GAA,64,31,68.5,129,4660,149,11,0.03197424892703862,tada_only,250nM,37_2hr,5,10,target,5,5,4,TadA8.20,1,#117733,0,o,UAG,pos_7_C,spacer5_10_target_random_5
i79_p8,A2,GAC,64,33,62.5,118,4336,255,15,0.058809963099631,tada_only,250nM,37_2hr,5,10,target,5,5,4,TadA8.20,1,#117733,0,o,UAG,pos_7_C,spacer5_10_target_random_5
i79_p8,A2,GAG,64,12,46.0,92,3202,214,38,0.06683322923173017,tada_only,250nM,37_2hr,5,10,target,5,5,4,TadA8.20,1,#117733,0,o,UAG,pos_7_C,spacer5_10_target_random_5
i79_p8,A2,GAU,64,22,52.5,117,3481,368,29,0.10571674806090205,tada_only,250nM,37_2hr,5,10,target,5,5,4,TadA8.20,1,#117733,0,o,UAG,pos_7_C,spacer5_10_target_random_5
i79_p8,A2,UAA,64,26,65.0,152,4571,485,15,0.10610369722161453,tada_only,250nM,37_2hr,5,10,target,5,5,4,TadA8.20,1,#117733,0,o,UAG,pos_7_C,spacer5_10_target_random_5
i79_p8,A2,UAC,64,30,68.5,138,4658,478,9,0.10261914984972091,tada_only,250nM,37_2hr,5,10,target,5,5,4,TadA8.20,1,#117733,0,o,UAG,pos_7_C,spacer5_10_target_random_5
i79_p8,A2,UAG,64,19,48.0,95,3288,367,35,0.11161800486618005,tada_only,250nM,37_2hr,5,10,target,5,5,4,TadA8.20,1,#117733,0,o,UAG,pos_7_C,spacer5_10_target_random_5
i79_p8,A2,UAU,64,19,51.0,114,3465,722,31,0.20836940836940837,tada_only,250nM,37_2hr,5,10,target,5,5,4,TadA8.20,1,#117733,0,o,UAG,pos_7_C,spacer5_10_target_random_5
i79_p8,A8,AAA,64,35,78.0,215,5690,66,7,0.011599297012302284,tada_only,250nM,37_2hr,5,10,target,5,2,1,TadA8.20,1,#117733,1,s,UAC,pos_4_C,spacer5_10_target_random_5
i79_p8,A8,AAC,64,36,84.5,211,6042,181,6,0.02995696789142668,tada_only,250nM,37_2hr,5,10,target,5,2,1,TadA8.20,1,#117733,1,s,UAC,pos_4_C,spacer5_10_target_random_5
i79_p8,A8,AAG,64,26,57.0,126,3852,25,24,0.006490134994807892,tada_only,250nM,37_2hr,5,10,target,5,2,1,TadA8.20,1,#117733,1,s,UAC,pos_4_C,spacer5_10_target_random_5
i79_p8,A8,AAU,64,26,61.0,149,4370,74,20,0.016933638443935927,tada_only,250nM,37_2hr,5,10,target,5,2,1,TadA8.20,1,#117733,1,s,UAC,pos_4_C,spacer5_10_target_random_5
i79_p8,A8,CAA,64,44,97.5,203,6544,114,1,0.017420537897310514,tada_only,250nM,37_2hr,5,10,target,5,2,1,TadA8.20,1,#117733,1,s,UAC,pos_4_C,spacer5_10_target_random_5
i79_p8,A8,CAC,64,46,106.5,257,7291,146,2,0.020024687971471677,tada_only,250nM,37_2hr,5,10,target,5,2,1,TadA8.20,1,#117733,1,s,UAC,pos_4_C,spacer5_10_target_random_5
i79_p8,A8,CAG,64,31,64.5,140,4294,70,16,0.016301816488122962,tada_only,250nM,37_2hr,5,10,target,5,2,1,TadA8.20,1,#117733,1,s,UAC,pos_4_C,spacer5_10_target_random_5
i79_p8,A8,CAU,64,40,78.0,193,5399,187,7,0.03463604371179848,tada_only,250nM,37_2hr,5,10,target,5,2,1,TadA8.20,1,#117733,1,s,UAC,pos_4_C,spacer5_10_target_random_5
i79_p8,A8,GAA,64,32,64.0,115,4313,48,12,0.011129144447020635,tada_only,250nM,37_2hr,5,10,target,5,2,1,TadA8.20,1,#117733,1,s,UAC,pos_4_C,spacer5_10_target_random_5
i79_p8,A8,GAC,64,31,57.0,112,3975,164,17,0.041257861635220126,tada_only,250nM,37_2hr,5,10,target,5,2,1,TadA8.20,1,#117733,1,s,UAC,pos_4_C,spacer5_10_target_random_5
i79_p8,A8,GAG,64,12,43.5,90,2728,117,49,0.04288856304985337,tada_only,250nM,37_2hr,5,10,target,5,2,1,TadA8.20,1,#117733,1,s,UAC,pos_4_C,spacer5_10_target_random_5
i79_p8,A8,GAU,64,23,54.5,91,3453,146,27,0.042282073559223865,tada_only,250nM,37_2hr,5,10,target,5,2,1,TadA8.20,1,#117733,1,s,UAC,pos_4_C,spacer5_10_target_random_5
i79_p8,A8,UAA,64,37,71.5,156,4788,527,11,0.11006683375104427,tada_only,250nM,37_2hr,5,10,target,5,2,1,TadA8.20,1,#117733,1,s,UAC,pos_4_C,spacer5_10_target_random_5
i79_p8,A8,UAC,64,30,76.5,161,5125,802,4,0.15648780487804878,tada_only,250nM,37_2hr,5,10,target,5,2,1,TadA8.20,1,#117733,1,s,UAC,pos_4_C,spacer5_10_target_random_5
i79_p8,A8,UAG,64,22,49.0,105,3314,299,33,0.09022329511164756,tada_only,250nM,37_2hr,5,10,target,5,2,1,TadA8.20,1,#117733,1,s,UAC,pos_4_C,spacer5_10_target_random_5
i79_p8,A8,UAU,64,21,52.0,106,3702,588,28,0.15883306320907617,tada_only,250nM,37_2hr,5,10,target,5,2,1,TadA8.20,1,#117733,1,s,UAC,pos_4_C,spacer5_10_target_random_5
i79_p8,A10,AAA,64,15,48.0,130,3553,168,33,0.047283985364480724,tada_only,250nM,37_2hr,5,10,target,3,5,4,TadA8.20,1,#117733,2,^,CAC,pos_3_C,spacer5_10_target_random_3
i79_p8,A10,AAC,64,24,64.0,133,4206,155,20,0.03685211602472658,tada_only,250nM,37_2hr,5,10,target,3,5,4,TadA8.20,1,#117733,2,^,CAC,pos_3_C,spacer5_10_target_random_3
i79_p8,A10,AAG,64,11,36.5,96,2623,127,45,0.0484178421654594,tada_only,250nM,37_2hr,5,10,target,3,5,4,TadA8.20,1,#117733,2,^,CAC,pos_3_C,spacer5_10_target_random_3
i79_p8,A10,AAU,64,19,40.5,94,2761,260,46,0.09416877942774357,tada_only,250nM,37_2hr,5,10,target,3,5,4,TadA8.20,1,#117733,2,^,CAC,pos_3_C,spacer5_10_target_random_3
i79_p8,A10,CAA,64,19,63.5,134,4389,207,19,0.047163362952836636,tada_only,250nM,37_2hr,5,10,target,3,5,4,TadA8.20,1,#117733,2,^,CAC,pos_3_C,spacer5_10_target_random_3
i79_p8,A10,CAC,64,26,69.5,172,4623,266,16,0.05753839498161367,tada_only,250nM,37_2hr,5,10,target,3,5,4,TadA8.20,1,#117733,2,^,CAC,pos_3_C,spacer5_10_target_random_3
i79_p8,A10,CAG,64,9,39.0,83,2709,197,46,0.07272056109265411,tada_only,250nM,37_2hr,5,10,target,3,5,4,TadA8.20,1,#117733,2,^,CAC,pos_3_C,spacer5_10_target_random_3
i79_p8,A10,CAU,64,21,49.5,102,3256,422,33,0.1296068796068796,tada_only,250nM,37_2hr,5,10,target,3,5,4,TadA8.20,1,#117733,2,^,CAC,pos_3_C,spacer5_10_target_random_3
i79_p8,A10,GAA,64,5,35.5,98,2586,89,47,0.03441608662026296,tada_only,250nM,37_2hr,5,10,target,3,5,4,TadA8.20,1,#117733,2,^,CAC,pos_3_C,spacer5_10_target_random_3
i79_p8,A10,GAC,64,10,38.0,80,2570,231,48,0.08988326848249027,tada_only,250nM,37_2hr,5,10,target,3,5,4,TadA8.20,1,#117733,2,^,CAC,pos_3_C,spacer5_10_target_random_3
i79_p8,A10,GAG,64,9,24.0,54,1741,190,60,0.10913268236645605,tada_only,250nM,37_2hr,5,10,target,3,5,4,TadA8.20,1,#117733,2,^,CAC,pos_3_C,spacer5_10_target_random_3
i79_p8,A10,GAU,64,11,29.0,75,2056,257,57,0.125,tada_only,250nM,37_2hr,5,10,target,3,5,4,TadA8.20,1,#117733,2,^,CAC,pos_3_C,spacer5_10_target_random_3
i79_p8,A10,UAA,64,6,40.0,103,2777,817,46,0.29420237666546634,tada_only,250nM,37_2hr,5,10,target,3,5,4,TadA8.20,1,#117733,2,^,CAC,pos_3_C,spacer5_10_target_random_3
i79_p8,A10,UAC,64,14,45.5,86,3063,880,39,0.28730003264773096,tada_only,250nM,37_2hr,5,10,target,3,5,4,TadA8.20,1,#117733,2,^,CAC,pos_3_C,spacer5_10_target_random_3
i79_p8,A10,UAG,64,6,27.0,75,2004,622,56,0.31037924151696605,tada_only,250nM,37_2hr,5,10,target,3,5,4,TadA8.20,1,#117733,2,^,CAC,pos_3_C,spacer5_10_target_random_3
i79_p8,A10,UAU,64,11,33.5,71,2139,1011,58,0.4726507713884993,tada_only,250nM,37_2hr,5,10,target,3,5,4,TadA8.20,1,#117733,2,^,CAC,pos_3_C,spacer5_10_target_random_3
i79_p8,A13,AAA,64,11,41.0,172,3137,44,42,0.014026139623844438,tada_only,250nM,37_2hr,5,10,target,3,3,2,TadA8.20,1,#117733,3,D,CAU,pos_2_C,spacer5_10_target_random_3
i79_p8,A13,AAC,64,15,62.0,136,4284,64,20,0.014939309056956116,tada_only,250nM,37_2hr,5,10,target,3,3,2,TadA8.20,1,#117733,3,D,CAU,pos_2_C,spacer5_10_target_random_3
i79_p8,A13,AAG,64,10,29.5,102,2219,35,55,0.015772870662460567,tada_only,250nM,37_2hr,5,10,target,3,3,2,TadA8.20,1,#117733,3,D,CAU,pos_2_C,spacer5_10_target_random_3
i79_p8,A13,AAU,64,14,45.0,112,2908,84,38,0.02888583218707015,tada_only,250nM,37_2hr,5,10,target,3,3,2,TadA8.20,1,#117733,3,D,CAU,pos_2_C,spacer5_10_target_random_3
i79_p8,A13,CAA,64,28,61.0,143,4295,98,17,0.02281722933643772,tada_only,250nM,37_2hr,5,10,target,3,3,2,TadA8.20,1,#117733,3,D,CAU,pos_2_C,spacer5_10_target_random_3
i79_p8,A13,CAC,64,31,71.0,133,4783,83,9,0.017353125653355634,tada_only,250nM,37_2hr,5,10,target,3,3,2,TadA8.20,1,#117733,3,D,CAU,pos_2_C,spacer5_10_target_random_3
i79_p8,A13,CAG,64,5,36.0,80,2306,56,51,0.024284475281873375,tada_only,250nM,37_2hr,5,10,target,3,3,2,TadA8.20,1,#117733,3,D,CAU,pos_2_C,spacer5_10_target_random_3
i79_p8,A13,CAU,64,18,53.0,102,3393,164,31,0.04833480695549661,tada_only,250nM,37_2hr,5,10,target,3,3,2,TadA8.20,1,#117733,3,D,CAU,pos_2_C,spacer5_10_target_random_3
i79_p8,A13,GAA,64,12,37.5,84,2544,104,50,0.040880503144654086,tada_only,250nM,37_2hr,5,10,target,3,3,2,TadA8.20,1,#117733,3,D,CAU,pos_2_C,spacer5_10_target_random_3
i79_p8,A13,GAC,64,19,44.0,83,2866,166,45,0.05792044661549198,tada_only,250nM,37_2hr,5,10,target,3,3,2,TadA8.20,1,#117733,3,D,CAU,pos_2_C,spacer5_10_target_random_3
i79_p8,A13,GAG,64,9,28.0,59,1825,141,63,0.07726027397260274,tada_only,250nM,37_2hr,5,10,target,3,3,2,TadA8.20,1,#117733,3,D,CAU,pos_2_C,spacer5_10_target_random_3
i79_p8,A13,GAU,64,14,31.5,77,2194,254,57,0.11577028258887875,tada_only,250nM,37_2hr,5,10,target,3,3,2,TadA8.20,1,#117733,3,D,CAU,pos_2_C,spacer5_10_target_random_3
i79_p8,A13,UAA,64,17,38.0,96,2776,428,44,0.15417867435158503,tada_only,250nM,37_2hr,5,10,target,3,3,2,TadA8.20,1,#117733,3,D,CAU,pos_2_C,spacer5_10_target_random_3
i79_p8,A13,UAC,64,20,54.0,100,3370,475,31,0.14094955489614244,tada_only,250nM,37_2hr,5,10,target,3,3,2,TadA8.20,1,#117733,3,D,CAU,pos_2_C,spacer5_10_target_random_3
i79_p8,A13,UAG,64,8,28.0,67,1912,269,59,0.14069037656903766,tada_only,250nM,37_2hr,5,10,target,3,3,2,TadA8.20,1,#117733,3,D,CAU,pos_2_C,spacer5_10_target_random_3
i79_p8,A13,UAU,64,16,32.0,104,2244,642,57,0.28609625668449196,tada_only,250nM,37_2hr,5,10,target,3,3,2,TadA8.20,1,#117733,3,D,CAU,pos_2_C,spacer5_10_target_random_3
