sample_id,tada_type,tada_conc,condition,enzyme_label,panel_order,rna_context,fiveprime,threeprime,n_sites,n_geometries,geometries,position_id,reference_context,n_site_variants,total_umis,total_edited_umis,minimum_umis,maximum_umis,pooled_fraction_central_a_edited
i79_p3,lambdaN,250nM,37_2hr,TadA–λN,0,AAA,A,A,4,4,5prime_0nt;5prime_10nt;3prime_20nt;3prime_30nt,A2;A8;A10;A13,UAG;UAC;CAC;CAU,1024,66931,1502,5,212,0.02244102135034588
i79_p3,lambdaN,250nM,37_2hr,TadA–λN,0,AAC,A,C,4,4,5prime_0nt;5prime_10nt;3prime_20nt;3prime_30nt,A2;A8;A10;A13,UAG;UAC;CAC;CAU,1024,83269,1420,18,237,0.017053165043413514
i79_p3,lambdaN,250nM,37_2hr,TadA–λN,0,AAG,A,G,4,4,5prime_0nt;5prime_10nt;3prime_20nt;3prime_30nt,A2;A8;A10;A13,UAG;UAC;CAC;CAU,1024,53151,1236,5,147,0.023254501326409664
i79_p3,lambdaN,250nM,37_2hr,TadA–λN,0,AAU,A,U,4,4,5prime_0nt;5prime_10nt;3prime_20nt;3prime_30nt,A2;A8;A10;A13,UAG;UAC;CAC;CAU,1024,56382,2344,8,187,0.0415735518427867
i79_p3,lambdaN,250nM,37_2hr,TadA–λN,0,CAA,C,A,4,4,5prime_0nt;5prime_10nt;3prime_20nt;3prime_30nt,A2;A8;A10;A13,UAG;UAC;CAC;CAU,1024,89007,2406,14,296,0.02703158178570225
i79_p3,lambdaN,250nM,37_2hr,TadA–λN,0,CAC,C,C,4,4,5prime_0nt;5prime_10nt;3prime_20nt;3prime_30nt,A2;A8;A10;A13,UAG;UAC;CAC;CAU,1024,96113,2081,23,296,0.02165159759865991
i79_p3,lambdaN,250nM,37_2hr,TadA–λN,0,CAG,C,G,4,4,5prime_0nt;5prime_10nt;3prime_20nt;3prime_30nt,A2;A8;A10;A13,UAG;UAC;CAC;CAU,1024,60147,1143,2,169,0.019003441568158013
i79_p3,lambdaN,250nM,37_2hr,TadA–λN,0,CAU,C,U,4,4,5prime_0nt;5prime_10nt;3prime_20nt;3prime_30nt,A2;A8;A10;A13,UAG;UAC;CAC;CAU,1024,73003,4455,18,206,0.06102488938810734
i79_p3,lambdaN,250nM,37_2hr,TadA–λN,0,GAA,G,A,4,4,5prime_0nt;5prime_10nt;3prime_20nt;3prime_30nt,A2;A8;A10;A13,UAG;UAC;CAC;CAU,1024,63153,2237,6,182,0.03542191186483619
i79_p3,lambdaN,250nM,37_2hr,TadA–λN,0,GAC,G,C,4,4,5prime_0nt;5prime_10nt;3prime_20nt;3prime_30nt,A2;A8;A10;A13,UAG;UAC;CAC;CAU,1024,64507,2340,13,187,0.03627513293130978
i79_p3,lambdaN,250nM,37_2hr,TadA–λN,0,GAG,G,G,4,4,5prime_0nt;5prime_10nt;3prime_20nt;3prime_30nt,A2;A8;A10;A13,UAG;UAC;CAC;CAU,1024,42796,1745,4,116,0.040774838769978505
i79_p3,lambdaN,250nM,37_2hr,TadA–λN,0,GAU,G,U,4,4,5prime_0nt;5prime_10nt;3prime_20nt;3prime_30nt,A2;A8;A10;A13,UAG;UAC;CAC;CAU,1024,53130,4778,8,160,0.08993035949557689
i79_p3,lambdaN,250nM,37_2hr,TadA–λN,0,UAA,U,A,4,4,5prime_0nt;5prime_10nt;3prime_20nt;3prime_30nt,A2;A8;A10;A13,UAG;UAC;CAC;CAU,1024,62552,12998,10,184,0.2077951144647653
i79_p3,lambdaN,250nM,37_2hr,TadA–λN,0,UAC,U,C,4,4,5prime_0nt;5prime_10nt;3prime_20nt;3prime_30nt,A2;A8;A10;A13,UAG;UAC;CAC;CAU,1024,70181,12633,16,392,0.18000598452572633
i79_p3,lambdaN,250nM,37_2hr,TadA–λN,0,UAG,U,G,4,4,5prime_0nt;5prime_10nt;3prime_20nt;3prime_30nt,A2;A8;A10;A13,UAG;UAC;CAC;CAU,1024,45768,8018,2,392,0.17518790421255026
i79_p3,lambdaN,250nM,37_2hr,TadA–λN,0,UAU,U,U,4,4,5prime_0nt;5prime_10nt;3prime_20nt;3prime_30nt,A2;A8;A10;A13,UAG;UAC;CAC;CAU,1024,50400,16380,11,135,0.325
i79_p8,tada_only,250nM,37_2hr,TadA8.20,1,AAA,A,A,4,4,5prime_0nt;5prime_10nt;3prime_20nt;3prime_30nt,A2;A8;A10;A13,UAG;UAC;CAC;CAU,1024,55630,1355,7,215,0.024357361136077657
i79_p8,tada_only,250nM,37_2hr,TadA8.20,1,AAC,A,C,4,4,5prime_0nt;5prime_10nt;3prime_20nt;3prime_30nt,A2;A8;A10;A13,UAG;UAC;CAC;CAU,1024,67923,1514,14,211,0.02228994596822873
i79_p8,tada_only,250nM,37_2hr,TadA8.20,1,AAG,A,G,4,4,5prime_0nt;5prime_10nt;3prime_20nt;3prime_30nt,A2;A8;A10;A13,UAG;UAC;CAC;CAU,1024,43917,1254,4,126,0.02855386296878202
i79_p8,tada_only,250nM,37_2hr,TadA8.20,1,AAU,A,U,4,4,5prime_0nt;5prime_10nt;3prime_20nt;3prime_30nt,A2;A8;A10;A13,UAG;UAC;CAC;CAU,1024,45752,2200,4,149,0.04808532960307746
i79_p8,tada_only,250nM,37_2hr,TadA8.20,1,CAA,C,A,4,4,5prime_0nt;5prime_10nt;3prime_20nt;3prime_30nt,A2;A8;A10;A13,UAG;UAC;CAC;CAU,1024,73302,2546,13,257,0.03473302229134267
i79_p8,tada_only,250nM,37_2hr,TadA8.20,1,CAC,C,C,4,4,5prime_0nt;5prime_10nt;3prime_20nt;3prime_30nt,A2;A8;A10;A13,UAG;UAC;CAC;CAU,1024,78210,3045,19,257,0.038933640199462986
i79_p8,tada_only,250nM,37_2hr,TadA8.20,1,CAG,C,G,4,4,5prime_0nt;5prime_10nt;3prime_20nt;3prime_30nt,A2;A8;A10;A13,UAG;UAC;CAC;CAU,1024,50356,2020,5,145,0.040114385574708075
i79_p8,tada_only,250nM,37_2hr,TadA8.20,1,CAU,C,U,4,4,5prime_0nt;5prime_10nt;3prime_20nt;3prime_30nt,A2;A8;A10;A13,UAG;UAC;CAC;CAU,1024,58590,5096,12,193,0.08697729988052569
i79_p8,tada_only,250nM,37_2hr,TadA8.20,1,GAA,G,A,4,4,5prime_0nt;5prime_10nt;3prime_20nt;3prime_30nt,A2;A8;A10;A13,UAG;UAC;CAC;CAU,1024,52066,2197,5,188,0.042196442976222485
i79_p8,tada_only,250nM,37_2hr,TadA8.20,1,GAC,G,C,4,4,5prime_0nt;5prime_10nt;3prime_20nt;3prime_30nt,A2;A8;A10;A13,UAG;UAC;CAC;CAU,1024,53910,3864,10,173,0.07167501391207569
i79_p8,tada_only,250nM,37_2hr,TadA8.20,1,GAG,G,G,4,4,5prime_0nt;5prime_10nt;3prime_20nt;3prime_30nt,A2;A8;A10;A13,UAG;UAC;CAC;CAU,1024,38120,3638,7,104,0.09543546694648479
i79_p8,tada_only,250nM,37_2hr,TadA8.20,1,GAU,G,U,4,4,5prime_0nt;5prime_10nt;3prime_20nt;3prime_30nt,A2;A8;A10;A13,UAG;UAC;CAC;CAU,1024,44069,5688,9,127,0.12907032154121945
i79_p8,tada_only,250nM,37_2hr,TadA8.20,1,UAA,U,A,4,4,5prime_0nt;5prime_10nt;3prime_20nt;3prime_30nt,A2;A8;A10;A13,UAG;UAC;CAC;CAU,1024,51161,11154,6,156,0.2180176306170716
i79_p8,tada_only,250nM,37_2hr,TadA8.20,1,UAC,U,C,4,4,5prime_0nt;5prime_10nt;3prime_20nt;3prime_30nt,A2;A8;A10;A13,UAG;UAC;CAC;CAU,1024,57633,12219,14,161,0.2120139503409505
i79_p8,tada_only,250nM,37_2hr,TadA8.20,1,UAG,U,G,4,4,5prime_0nt;5prime_10nt;3prime_20nt;3prime_30nt,A2;A8;A10;A13,UAG;UAC;CAC;CAU,1024,38548,8091,6,105,0.2098941579329667
i79_p8,tada_only,250nM,37_2hr,TadA8.20,1,UAU,U,U,4,4,5prime_0nt;5prime_10nt;3prime_20nt;3prime_30nt,A2;A8;A10;A13,UAG;UAC;CAC;CAU,1024,42011,14519,6,114,0.34559996191473663
