tada_type,tada_conc,condition,edit_type,n,insert_type,mean,se
lambdaN,250nM,37_30min,frac_1edit,15,mut,5.184371943893676,0.5279270540673123
lambdaN,250nM,37_30min,frac_1edit,15,wt,13.071677893621356,0.9399589255799115
lambdaN,250nM,37_30min,frac_2edit,15,mut,1.1874449629459416,0.2854265679844873
lambdaN,250nM,37_30min,frac_2edit,15,wt,4.418533629753707,0.40874666716204916
lambdaN,250nM,37_1hr,frac_1edit,15,mut,7.212359007897446,0.6626363490890205
lambdaN,250nM,37_1hr,frac_1edit,15,wt,16.126922469042317,1.197635920366709
lambdaN,250nM,37_1hr,frac_2edit,15,mut,2.357688817810235,0.5267034046845257
lambdaN,250nM,37_1hr,frac_2edit,15,wt,8.14834379027286,0.9595377381137082
lambdaN,250nM,37_2hr,frac_1edit,15,mut,9.210003694103932,0.8718513026251474
lambdaN,250nM,37_2hr,frac_1edit,15,wt,16.797551000597,1.18541804848993
lambdaN,250nM,37_2hr,frac_2edit,15,mut,4.065789802415731,0.8273901185735393
lambdaN,250nM,37_2hr,frac_2edit,15,wt,13.554057790509995,1.3413197183847265
