tada_type,target_dist,position_id,context,position_index,insert_type,mean_percent,se_percent,n
lambdaN,0,A10,CAC,5,mut,21.710158256636944,1.850559505660178,3
lambdaN,0,A10,CAC,5,wt,24.17812275829616,8.94355180083674,3
lambdaN,0,A13,CAU,6,mut,8.590462816535315,1.2104495402291269,3
lambdaN,0,A13,CAU,6,wt,13.453968098061544,5.282622667605159,3
lambdaN,0,A15,UAA,7,mut,35.118755272019136,4.872424214752445,3
lambdaN,0,A15,UAA,7,wt,39.286076717527024,8.042050077544523,3
lambdaN,0,A16,AAU,8,mut,18.3893583352837,6.341928140031602,3
lambdaN,0,A16,AAU,8,wt,13.00692079111454,1.4840712292753078,3
lambdaN,0,A2,UAG,1,mut,59.71479156197483,1.8569061351253668,3
lambdaN,0,A2,UAG,1,wt,69.74285496221462,2.7274587971304407,3
lambdaN,0,A4,GAA,2,mut,29.62400396161413,0.6723572752490315,3
lambdaN,0,A4,GAA,2,wt,40.69928056541537,4.091431303854307,3
lambdaN,0,A5,AAU,3,mut,21.50606343539613,2.0748762698996077,3
lambdaN,0,A5,AAU,3,wt,31.57731442919359,2.009218996245344,3
lambdaN,0,A8,UAC,4,mut,49.897198808122376,2.2539129064525434,3
lambdaN,0,A8,UAC,4,wt,59.68692414844243,3.3154120007273304,3
lambdaN,10,A10,CAC,5,mut,13.558514489969959,1.9349233144201468,4
lambdaN,10,A10,CAC,5,wt,18.159957756665435,3.0798218927637486,4
lambdaN,10,A13,CAU,6,mut,5.881140002129584,1.0053001464968405,4
lambdaN,10,A13,CAU,6,wt,6.967440154809745,1.2554376946805528,4
lambdaN,10,A15,UAA,7,mut,22.476802730246874,1.4869845362069707,4
lambdaN,10,A15,UAA,7,wt,31.09599263515549,0.7332643182850824,4
lambdaN,10,A16,AAU,8,mut,12.834610631773325,1.5187841620903182,4
lambdaN,10,A16,AAU,8,wt,20.243568532203597,0.6436121332166954,4
lambdaN,10,A2,UAG,1,mut,58.970754142490804,4.942547133777677,4
lambdaN,10,A2,UAG,1,wt,65.62393265056542,1.170284982039482,4
lambdaN,10,A4,GAA,2,mut,27.385461245653733,3.0068545989657176,4
lambdaN,10,A4,GAA,2,wt,32.16374916630042,2.307317906267788,4
lambdaN,10,A5,AAU,3,mut,22.460774333413163,2.5875106639470378,4
lambdaN,10,A5,AAU,3,wt,27.407144653319307,2.6408854073940513,4
lambdaN,10,A8,UAC,4,mut,42.76594837621777,3.83349698201325,4
lambdaN,10,A8,UAC,4,wt,52.51945007152155,1.9540289295644218,4
lambdaN,20,A10,CAC,5,mut,20.846103130650825,2.7523779024988664,4
lambdaN,20,A10,CAC,5,wt,21.316466276076426,1.788260900748977,4
lambdaN,20,A13,CAU,6,mut,6.760891043056679,1.3434117820453957,4
lambdaN,20,A13,CAU,6,wt,7.061085481448387,1.002527248483681,4
lambdaN,20,A15,UAA,7,mut,25.958541653055214,2.507106387832446,4
lambdaN,20,A15,UAA,7,wt,24.97592051543636,0.8894285446865858,4
lambdaN,20,A16,AAU,8,mut,14.859530099125994,1.0496974114164326,4
lambdaN,20,A16,AAU,8,wt,14.526279604299846,1.1096867132688646,4
lambdaN,20,A2,UAG,1,mut,58.88082243243231,3.4537492964218672,4
lambdaN,20,A2,UAG,1,wt,61.606861152809785,1.3837869144901285,4
lambdaN,20,A4,GAA,2,mut,26.439348291889466,3.0624066158557315,4
lambdaN,20,A4,GAA,2,wt,31.19012915193428,0.7475960089069422,4
lambdaN,20,A5,AAU,3,mut,23.284482397135346,3.0195906014711653,4
lambdaN,20,A5,AAU,3,wt,27.12404067874613,1.2171749227958033,4
lambdaN,20,A8,UAC,4,mut,48.6709510853405,5.684936731958681,4
lambdaN,20,A8,UAC,4,wt,50.10988471295306,1.8291825116928222,4
lambdaN,30,A10,CAC,5,mut,13.10746438741417,3.828074184803954,4
lambdaN,30,A10,CAC,5,wt,16.603877447893876,4.228552562940757,4
lambdaN,30,A13,CAU,6,mut,7.272431894501366,1.850237130105167,4
lambdaN,30,A13,CAU,6,wt,8.736576919392569,2.158270381748567,4
lambdaN,30,A15,UAA,7,mut,27.16098197932562,1.9413882150353976,4
lambdaN,30,A15,UAA,7,wt,31.528490244205614,1.5165857350290433,4
lambdaN,30,A16,AAU,8,mut,11.150379004000278,1.6755188222398252,4
lambdaN,30,A16,AAU,8,wt,13.78324990818259,1.2243214314475528,4
lambdaN,30,A2,UAG,1,mut,58.25316589986195,3.7909083690515617,4
lambdaN,30,A2,UAG,1,wt,56.27201951624319,1.4968550209736295,4
lambdaN,30,A4,GAA,2,mut,25.267802611958242,4.426975114621331,4
lambdaN,30,A4,GAA,2,wt,25.80963511642482,4.364315684583304,4
lambdaN,30,A5,AAU,3,mut,17.263953626822587,2.4827428613192466,4
lambdaN,30,A5,AAU,3,wt,19.385628886316823,3.6817020060599113,4
lambdaN,30,A8,UAC,4,mut,33.91844897579686,5.361208383640377,4
lambdaN,30,A8,UAC,4,wt,35.72218100645749,4.5556461134863016,4
tada_only,0,A10,CAC,5,mut,39.122611319817885,5.998818286829687,3
tada_only,0,A10,CAC,5,wt,31.044410634596094,7.718985150631336,3
tada_only,0,A13,CAU,6,mut,17.62030144929468,2.1448399297710843,3
tada_only,0,A13,CAU,6,wt,13.600735962143249,3.0633738781570656,3
tada_only,0,A15,UAA,7,mut,46.71084097552091,7.490585128264037,3
tada_only,0,A15,UAA,7,wt,39.45835964090426,2.873104839148921,3
tada_only,0,A16,AAU,8,mut,29.02164941909806,7.457395973527618,3
tada_only,0,A16,AAU,8,wt,16.075006463468906,1.038551364958154,3
tada_only,0,A2,UAG,1,mut,64.75513305035327,4.513708976998427,3
tada_only,0,A2,UAG,1,wt,60.7607886090526,5.001618300649469,3
tada_only,0,A4,GAA,2,mut,43.755712632389546,3.5972178366492225,3
tada_only,0,A4,GAA,2,wt,40.244610770535076,5.403752388470877,3
tada_only,0,A5,AAU,3,mut,34.49090252479664,3.9411794477836954,3
tada_only,0,A5,AAU,3,wt,32.38885799687033,3.762168802650438,3
tada_only,0,A8,UAC,4,mut,59.08762346205834,5.796251191982647,3
tada_only,0,A8,UAC,4,wt,53.27776988682851,5.7300957487486235,3
tada_only,10,A10,CAC,5,mut,37.588953569920434,5.312967861897804,4
tada_only,10,A10,CAC,5,wt,38.05312544937823,4.508516830735343,4
tada_only,10,A13,CAU,6,mut,19.70869068159731,3.392224238347562,4
tada_only,10,A13,CAU,6,wt,18.4789892332466,2.2968529938881415,4
tada_only,10,A15,UAA,7,mut,47.352762997673146,5.659569737574452,4
tada_only,10,A15,UAA,7,wt,48.54341991873652,4.797481914591644,4
tada_only,10,A16,AAU,8,mut,34.67435202216935,4.641196910748306,4
tada_only,10,A16,AAU,8,wt,37.608425686494414,4.386190302007823,4
tada_only,10,A2,UAG,1,mut,64.36537214789243,4.983072184558871,4
tada_only,10,A2,UAG,1,wt,69.03356649868684,5.057224186373283,4
tada_only,10,A4,GAA,2,mut,44.0309708305092,4.6329658251962496,4
tada_only,10,A4,GAA,2,wt,45.63994422888213,4.369848151858695,4
tada_only,10,A5,AAU,3,mut,37.77860036419453,3.7435247990336715,4
tada_only,10,A5,AAU,3,wt,38.961771042824076,3.800545123891588,4
tada_only,10,A8,UAC,4,mut,57.995082857142975,5.909187779064275,4
tada_only,10,A8,UAC,4,wt,62.29022516808325,5.577457071976834,4
tada_only,20,A10,CAC,5,mut,45.26362764301568,3.453206688019548,4
tada_only,20,A10,CAC,5,wt,45.73550700808502,3.6824791319342074,4
tada_only,20,A13,CAU,6,mut,19.83694258934178,0.9219490505983652,4
tada_only,20,A13,CAU,6,wt,20.5856729595505,2.8823267843140274,4
tada_only,20,A15,UAA,7,mut,53.754686589711795,4.627113174702474,4
tada_only,20,A15,UAA,7,wt,51.76288614212622,4.9618380597917415,4
tada_only,20,A16,AAU,8,mut,41.54737781940459,3.4225714637403817,4
tada_only,20,A16,AAU,8,wt,40.95251418712503,5.181852478628439,4
tada_only,20,A2,UAG,1,mut,69.36618965709226,4.545639220918483,4
tada_only,20,A2,UAG,1,wt,70.06403065454646,4.0420311430396305,4
tada_only,20,A4,GAA,2,mut,46.86963297940725,3.880834345373768,4
tada_only,20,A4,GAA,2,wt,47.7875224545004,3.9853119266756836,4
tada_only,20,A5,AAU,3,mut,42.297648057698936,3.598718414490048,4
tada_only,20,A5,AAU,3,wt,42.2358996848557,4.223590158671981,4
tada_only,20,A8,UAC,4,mut,65.79548973128846,5.642469798382092,4
tada_only,20,A8,UAC,4,wt,64.51456711169975,3.9507216320745564,4
tada_only,30,A10,CAC,5,mut,34.10126182665867,7.263427417663773,4
tada_only,30,A10,CAC,5,wt,33.344273191413436,7.761576836815167,4
tada_only,30,A13,CAU,6,mut,18.227559521084338,3.878734263674937,4
tada_only,30,A13,CAU,6,wt,18.871237260533928,3.695836293937534,4
tada_only,30,A15,UAA,7,mut,49.04196662643389,4.387909046025233,4
tada_only,30,A15,UAA,7,wt,47.34353793992888,5.799948443311734,4
tada_only,30,A16,AAU,8,mut,29.002451819422323,3.3192359364593513,4
tada_only,30,A16,AAU,8,wt,28.320749869875467,3.975608026584664,4
tada_only,30,A2,UAG,1,mut,65.32865772727696,5.546007249485423,4
tada_only,30,A2,UAG,1,wt,63.15399051697703,4.37433417703382,4
tada_only,30,A4,GAA,2,mut,42.11626010358675,4.540278427443529,4
tada_only,30,A4,GAA,2,wt,40.35327461872537,6.004934372276786,4
tada_only,30,A5,AAU,3,mut,34.211776836912414,4.159680137374793,4
tada_only,30,A5,AAU,3,wt,33.57474780814078,5.060974981011429,4
tada_only,30,A8,UAC,4,mut,51.68958865790738,6.187751633758025,4
tada_only,30,A8,UAC,4,wt,50.56187878159615,7.111002074310523,4
