codon_position,mean_lfc
2,-0.5392078103752063
3,-0.6512352826363537
4,-0.9689532695535372
5,-0.715939070858624
6,-0.8975213225284204
7,-1.1748055591802706
8,-1.0232716921721776
9,-0.005404870043166284
10,-1.0490506797509143
11,-1.20866603051761
12,-0.45693483135392354
13,0.0010119975600193175
14,-1.13094913528862
15,-0.3750107715435576
16,-0.4954196002963467
17,-0.020118254483301387
18,-0.5379592398217126
19,-0.3488069434384675
20,-0.05204548983087309
21,0.04194516537551508
22,-0.6469009925449684
