paper,mutation_name,7_10_seq,10_13_seq,readout,readout_type,variable_subpos
tan_frankel,wt,TTCA,TTCT,20,Kd,neither
tan_frankel,u_a_switch,TTCT,ATCT,2560,Kd,both
tan_frankel,g8_a,TTTA,TTCT,2560,Kd,7_10
tan_frankel,a9_g,TCCA,TTCT,320,Kd,7_10
tan_frankel,a10_g11_c10_a11,GTCA,TTTG,2560,Kd,10_13
tan_frankel,a12_g,TTCA,TCCT,2560,Kd,10_13
vanglist,wt,TTCA,TTTT,1.30E-09,Kd,10_13
vanglist,A5U,TTCA,TATT,9.00E-09,Kd,10_13
vanglist,G1A,TTTA,TTTT,2.00E-06,Kd,7_10
chattopadhyay,wt,TTCA,TTTT,100,percent,10_13
chattopadhyay,au_switch,TTCT,ATTT,0,percent,both
chattopadhyay,g8_a,TTTT,TTTT,0,percent,7_10
chattopadhyay,g8_u,TTAT,TTTT,0,percent,7_10
chattopadhyay,g8_c,TTGT,TTTT,0,percent,7_10
chattopadhyay,a9_g,TCCA,TTTT,66,percent,7_10
chattopadhyay,a9_u,TACA,TTTT,32,percent,7_10
chattopadhyay,a9_c,TGCA,TTTT,2,percent,7_10
chattopadhyay,a10_g,CTCA,TTTC,89,percent,both
chattopadhyay,a10_u,ATCA,TTTA,1,percent,both
chattopadhyay,a10_c,GTCA,TTTG,0,percent,both
chattopadhyay,a11_g,TTCA,TTCT,57,percent,10_13
chattopadhyay,a11_u,TTCA,TTAT,20,percent,10_13
chattopadhyay,a11_c,TTCA,TTGT,8,percent,10_13
chattopadhyay,a12_g,TTCA,TCTT,7,percent,10_13
chattopadhyay,a12_u,TTCA,TATT,0,percent,10_13
chattopadhyay,a12_c,TTCA,TGTT,0,percent,10_13